filepaths,labels
./Todas/Y/Y160.jpg,Y
./Todas/X/X116.jpg,X
./Todas/N/N200.jpg,N
./Todas/W/W238.jpg,W
./Todas/E/E180.jpg,E
./Todas/E/E14.jpg,E
./Todas/R/R241.jpg,R
./Todas/K/K91.jpg,K
./Todas/X/X162.jpg,X
./Todas/U/U8.jpg,U
./Todas/X/X238.jpg,X
./Todas/N/N117.jpg,N
./Todas/V/V29.jpg,V
./Todas/Y/Y231.jpg,Y
./Todas/T/T59.jpg,T
./Todas/C/C225.jpg,C
./Todas/D/D33.jpg,D
./Todas/I/I180.jpg,I
./Todas/X/X120.jpg,X
./Todas/N/N230.jpg,N
./Todas/O/O75.jpg,O
./Todas/O/O15.jpg,O
./Todas/E/E103.jpg,E
./Todas/D/D167.jpg,D
./Todas/I/I170.jpg,I
./Todas/T/T144.jpg,T
./Todas/Y/Y19.jpg,Y
./Todas/E/E139.jpg,E
./Todas/E/E120.jpg,E
./Todas/N/N216.jpg,N
./Todas/U/U95.jpg,U
./Todas/X/X168.jpg,X
./Todas/I/I35.jpg,I
./Todas/M/M72.jpg,M
./Todas/W/W33.jpg,W
./Todas/D/D141.jpg,D
./Todas/R/R222.jpg,R
./Todas/Y/Y247.jpg,Y
./Todas/L/L77.jpg,L
./Todas/U/U224.jpg,U
./Todas/P/P49.jpg,P
./Todas/W/W190.jpg,W
./Todas/E/E165.jpg,E
./Todas/A/A143.jpg,A
./Todas/X/X174.jpg,X
./Todas/M/M110.jpg,M
./Todas/V/V159.jpg,V
./Todas/V/V75.jpg,V
./Todas/I/I150.jpg,I
./Todas/I/I160.jpg,I
./Todas/K/K238.jpg,K
./Todas/F/F8.jpg,F
./Todas/T/T199.jpg,T
./Todas/W/W155.jpg,W
./Todas/A/A206.jpg,A
./Todas/U/U40.jpg,U
./Todas/T/T170.jpg,T
./Todas/P/P199.jpg,P
./Todas/V/V149.jpg,V
./Todas/C/C254.jpg,C
./Todas/D/D45.jpg,D
./Todas/N/N79.jpg,N
./Todas/P/P44.jpg,P
./Todas/T/T27.jpg,T
./Todas/V/V206.jpg,V
./Todas/D/D222.jpg,D
./Todas/P/P207.jpg,P
./Todas/O/O52.jpg,O
./Todas/N/N112.jpg,N
./Todas/Y/Y7.jpg,Y
./Todas/U/U62.jpg,U
./Todas/K/K27.jpg,K
./Todas/B/B137.jpg,B
./Todas/H/H148.jpg,H
./Todas/Y/Y44.jpg,Y
./Todas/L/L7.jpg,L
./Todas/L/L207.jpg,L
./Todas/C/C83.jpg,C
./Todas/O/O40.jpg,O
./Todas/L/L195.jpg,L
./Todas/K/K111.jpg,K
./Todas/D/D245.jpg,D
./Todas/H/H139.jpg,H
./Todas/R/R118.jpg,R
./Todas/D/D108.jpg,D
./Todas/X/X208.jpg,X
./Todas/W/W16.jpg,W
./Todas/C/C167.jpg,C
./Todas/Y/Y40.jpg,Y
./Todas/C/C231.jpg,C
./Todas/E/E169.jpg,E
./Todas/D/D163.jpg,D
./Todas/Y/Y143.jpg,Y
./Todas/H/H171.jpg,H
./Todas/M/M118.jpg,M
./Todas/W/W5.jpg,W
./Todas/M/M3.jpg,M
./Todas/K/K206.jpg,K
./Todas/R/R190.jpg,R
./Todas/L/L5.jpg,L
./Todas/I/I157.jpg,I
./Todas/N/N175.jpg,N
./Todas/R/R160.jpg,R
./Todas/R/R277.jpg,R
./Todas/L/L241.jpg,L
./Todas/D/D238.jpg,D
./Todas/A/A240.jpg,A
./Todas/N/N225.jpg,N
./Todas/I/I203.jpg,I
./Todas/Q/Q54.jpg,Q
./Todas/W/W101.jpg,W
./Todas/I/I218.jpg,I
./Todas/N/N5.jpg,N
./Todas/R/R142.jpg,R
./Todas/X/X182.jpg,X
./Todas/F/F232.jpg,F
./Todas/V/V80.jpg,V
./Todas/N/N229.jpg,N
./Todas/Q/Q150.jpg,Q
./Todas/H/H71.jpg,H
./Todas/L/L21.jpg,L
./Todas/T/T119.jpg,T
./Todas/I/I19.jpg,I
./Todas/H/H112.jpg,H
./Todas/M/M242.jpg,M
./Todas/T/T30.jpg,T
./Todas/F/F52.jpg,F
./Todas/M/M66.jpg,M
./Todas/T/T42.jpg,T
./Todas/E/E21.jpg,E
./Todas/A/A120.jpg,A
./Todas/O/O24.jpg,O
./Todas/N/N16.jpg,N
./Todas/H/H38.jpg,H
./Todas/F/F217.jpg,F
./Todas/K/K149.jpg,K
./Todas/N/N154.jpg,N
./Todas/X/X214.jpg,X
./Todas/W/W207.jpg,W
./Todas/V/V131.jpg,V
./Todas/Y/Y23.jpg,Y
./Todas/A/A87.jpg,A
./Todas/O/O132.jpg,O
./Todas/R/R215.jpg,R
./Todas/H/H60.jpg,H
./Todas/T/T137.jpg,T
./Todas/D/D17.jpg,D
./Todas/D/D215.jpg,D
./Todas/E/E96.jpg,E
./Todas/T/T43.jpg,T
./Todas/B/B214.jpg,B
./Todas/W/W88.jpg,W
./Todas/T/T110.jpg,T
./Todas/M/M114.jpg,M
./Todas/E/E121.jpg,E
./Todas/W/W195.jpg,W
./Todas/O/O250.jpg,O
./Todas/V/V175.jpg,V
./Todas/R/R231.jpg,R
./Todas/T/T190.jpg,T
./Todas/R/R220.jpg,R
./Todas/M/M179.jpg,M
./Todas/X/X231.jpg,X
./Todas/H/H87.jpg,H
./Todas/O/O158.jpg,O
./Todas/B/B83.jpg,B
./Todas/U/U250.jpg,U
./Todas/Y/Y157.jpg,Y
./Todas/H/H23.jpg,H
./Todas/L/L173.jpg,L
./Todas/A/A103.jpg,A
./Todas/D/D187.jpg,D
./Todas/H/H44.jpg,H
./Todas/A/A208.jpg,A
./Todas/Y/Y175.jpg,Y
./Todas/M/M209.jpg,M
./Todas/Y/Y145.jpg,Y
./Todas/O/O43.jpg,O
./Todas/D/D160.jpg,D
./Todas/I/I40.jpg,I
./Todas/A/A66.jpg,A
./Todas/U/U194.jpg,U
./Todas/R/R97.jpg,R
./Todas/D/D39.jpg,D
./Todas/W/W249.jpg,W
./Todas/T/T176.jpg,T
./Todas/C/C19.jpg,C
./Todas/U/U81.jpg,U
./Todas/X/X137.jpg,X
./Todas/W/W37.jpg,W
./Todas/F/F164.jpg,F
./Todas/X/X136.jpg,X
./Todas/B/B150.jpg,B
./Todas/O/O253.jpg,O
./Todas/K/K127.jpg,K
./Todas/R/R67.jpg,R
./Todas/X/X203.jpg,X
./Todas/T/T193.jpg,T
./Todas/H/H32.jpg,H
./Todas/E/E41.jpg,E
./Todas/D/D220.jpg,D
./Todas/E/E131.jpg,E
./Todas/Y/Y81.jpg,Y
./Todas/C/C179.jpg,C
./Todas/F/F49.jpg,F
./Todas/E/E135.jpg,E
./Todas/R/R195.jpg,R
./Todas/Y/Y96.jpg,Y
./Todas/K/K133.jpg,K
./Todas/A/A170.jpg,A
./Todas/R/R17.jpg,R
./Todas/H/H137.jpg,H
./Todas/X/X50.jpg,X
./Todas/K/K179.jpg,K
./Todas/U/U222.jpg,U
./Todas/M/M95.jpg,M
./Todas/L/L200.jpg,L
./Todas/R/R32.jpg,R
./Todas/L/L58.jpg,L
./Todas/N/N77.jpg,N
./Todas/M/M9.jpg,M
./Todas/Y/Y97.jpg,Y
./Todas/H/H114.jpg,H
./Todas/T/T115.jpg,T
./Todas/B/B151.jpg,B
./Todas/M/M104.jpg,M
./Todas/O/O209.jpg,O
./Todas/R/R282.jpg,R
./Todas/H/H41.jpg,H
./Todas/Y/Y243.jpg,Y
./Todas/N/N181.jpg,N
./Todas/N/N249.jpg,N
./Todas/K/K88.jpg,K
./Todas/I/I100.jpg,I
./Todas/V/V239.jpg,V
./Todas/Q/Q78.jpg,Q
./Todas/H/H48.jpg,H
./Todas/Q/Q233.jpg,Q
./Todas/H/H75.jpg,H
./Todas/X/X134.jpg,X
./Todas/R/R199.jpg,R
./Todas/O/O156.jpg,O
./Todas/D/D137.jpg,D
./Todas/H/H82.jpg,H
./Todas/R/R117.jpg,R
./Todas/H/H3.jpg,H
./Todas/C/C12.jpg,C
./Todas/D/D188.jpg,D
./Todas/C/C175.jpg,C
./Todas/M/M85.jpg,M
./Todas/L/L3.jpg,L
./Todas/B/B102.jpg,B
./Todas/L/L245.jpg,L
./Todas/L/L240.jpg,L
./Todas/P/P186.jpg,P
./Todas/V/V28.jpg,V
./Todas/A/A214.jpg,A
./Todas/P/P65.jpg,P
./Todas/Y/Y15.jpg,Y
./Todas/B/B220.jpg,B
./Todas/X/X119.jpg,X
./Todas/T/T240.jpg,T
./Todas/L/L215.jpg,L
./Todas/N/N237.jpg,N
./Todas/E/E86.jpg,E
./Todas/Y/Y45.jpg,Y
./Todas/H/H128.jpg,H
./Todas/T/T250.jpg,T
./Todas/I/I224.jpg,I
./Todas/Q/Q30.jpg,Q
./Todas/O/O176.jpg,O
./Todas/M/M165.jpg,M
./Todas/E/E60.jpg,E
./Todas/F/F201.jpg,F
./Todas/N/N111.jpg,N
./Todas/R/R64.jpg,R
./Todas/Q/Q80.jpg,Q
./Todas/D/D204.jpg,D
./Todas/P/P213.jpg,P
./Todas/K/K235.jpg,K
./Todas/W/W117.jpg,W
./Todas/C/C239.jpg,C
./Todas/D/D31.jpg,D
./Todas/A/A1.jpg,A
./Todas/P/P168.jpg,P
./Todas/Q/Q105.jpg,Q
./Todas/P/P5.jpg,P
./Todas/I/I97.jpg,I
./Todas/E/E161.jpg,E
./Todas/I/I191.jpg,I
./Todas/N/N169.jpg,N
./Todas/V/V157.jpg,V
./Todas/M/M237.jpg,M
./Todas/V/V17.jpg,V
./Todas/X/X56.jpg,X
./Todas/K/K113.jpg,K
./Todas/A/A93.jpg,A
./Todas/A/A21.jpg,A
./Todas/T/T209.jpg,T
./Todas/P/P149.jpg,P
./Todas/T/T103.jpg,T
./Todas/H/H70.jpg,H
./Todas/F/F57.jpg,F
./Todas/D/D65.jpg,D
./Todas/V/V43.jpg,V
./Todas/X/X16.jpg,X
./Todas/C/C223.jpg,C
./Todas/X/X171.jpg,X
./Todas/K/K188.jpg,K
./Todas/I/I8.jpg,I
./Todas/F/F18.jpg,F
./Todas/W/W191.jpg,W
./Todas/D/D85.jpg,D
./Todas/O/O238.jpg,O
./Todas/Y/Y217.jpg,Y
./Todas/Q/Q224.jpg,Q
./Todas/A/A139.jpg,A
./Todas/P/P193.jpg,P
./Todas/P/P83.jpg,P
./Todas/B/B192.jpg,B
./Todas/Y/Y79.jpg,Y
./Todas/C/C121.jpg,C
./Todas/E/E99.jpg,E
./Todas/N/N41.jpg,N
./Todas/K/K43.jpg,K
./Todas/M/M65.jpg,M
./Todas/W/W256.jpg,W
./Todas/M/M25.jpg,M
./Todas/P/P200.jpg,P
./Todas/L/L122.jpg,L
./Todas/I/I145.jpg,I
./Todas/R/R186.jpg,R
./Todas/P/P209.jpg,P
./Todas/H/H54.jpg,H
./Todas/O/O251.jpg,O
./Todas/Y/Y169.jpg,Y
./Todas/F/F59.jpg,F
./Todas/R/R7.jpg,R
./Todas/A/A209.jpg,A
./Todas/W/W78.jpg,W
./Todas/W/W221.jpg,W
./Todas/N/N122.jpg,N
./Todas/N/N73.jpg,N
./Todas/C/C17.jpg,C
./Todas/C/C207.jpg,C
./Todas/W/W184.jpg,W
./Todas/B/B160.jpg,B
./Todas/T/T213.jpg,T
./Todas/M/M197.jpg,M
./Todas/L/L213.jpg,L
./Todas/A/A46.jpg,A
./Todas/B/B122.jpg,B
./Todas/V/V89.jpg,V
./Todas/V/V11.jpg,V
./Todas/T/T26.jpg,T
./Todas/Y/Y127.jpg,Y
./Todas/D/D213.jpg,D
./Todas/A/A205.jpg,A
./Todas/B/B248.jpg,B
./Todas/C/C192.jpg,C
./Todas/P/P51.jpg,P
./Todas/N/N159.jpg,N
./Todas/B/B70.jpg,B
./Todas/H/H73.jpg,H
./Todas/D/D189.jpg,D
./Todas/P/P182.jpg,P
./Todas/N/N67.jpg,N
./Todas/F/F41.jpg,F
./Todas/F/F153.jpg,F
./Todas/N/N140.jpg,N
./Todas/I/I36.jpg,I
./Todas/E/E54.jpg,E
./Todas/A/A239.jpg,A
./Todas/L/L165.jpg,L
./Todas/R/R166.jpg,R
./Todas/Q/Q129.jpg,Q
./Todas/H/H107.jpg,H
./Todas/U/U15.jpg,U
./Todas/N/N51.jpg,N
./Todas/N/N136.jpg,N
./Todas/Y/Y230.jpg,Y
./Todas/E/E143.jpg,E
./Todas/R/R35.jpg,R
./Todas/H/H93.jpg,H
./Todas/C/C153.jpg,C
./Todas/K/K37.jpg,K
./Todas/W/W227.jpg,W
./Todas/F/F212.jpg,F
./Todas/R/R134.jpg,R
./Todas/I/I253.jpg,I
./Todas/P/P97.jpg,P
./Todas/B/B69.jpg,B
./Todas/U/U178.jpg,U
./Todas/T/T154.jpg,T
./Todas/C/C271.jpg,C
./Todas/Y/Y89.jpg,Y
./Todas/Q/Q132.jpg,Q
./Todas/I/I144.jpg,I
./Todas/Q/Q160.jpg,Q
./Todas/K/K97.jpg,K
./Todas/I/I38.jpg,I
./Todas/F/F37.jpg,F
./Todas/N/N109.jpg,N
./Todas/B/B78.jpg,B
./Todas/T/T141.jpg,T
./Todas/Q/Q42.jpg,Q
./Todas/Y/Y183.jpg,Y
./Todas/R/R103.jpg,R
./Todas/P/P55.jpg,P
./Todas/B/B63.jpg,B
./Todas/R/R106.jpg,R
./Todas/L/L128.jpg,L
./Todas/R/R156.jpg,R
./Todas/R/R85.jpg,R
./Todas/T/T12.jpg,T
./Todas/D/D53.jpg,D
./Todas/W/W142.jpg,W
./Todas/F/F228.jpg,F
./Todas/P/P119.jpg,P
./Todas/U/U134.jpg,U
./Todas/Q/Q176.jpg,Q
./Todas/V/V183.jpg,V
./Todas/I/I239.jpg,I
./Todas/Q/Q137.jpg,Q
./Todas/F/F73.jpg,F
./Todas/C/C235.jpg,C
./Todas/K/K13.jpg,K
./Todas/H/H46.jpg,H
./Todas/X/X95.jpg,X
./Todas/I/I189.jpg,I
./Todas/P/P22.jpg,P
./Todas/H/H140.jpg,H
./Todas/B/B86.jpg,B
./Todas/A/A172.jpg,A
./Todas/N/N227.jpg,N
./Todas/M/M79.jpg,M
./Todas/Y/Y153.jpg,Y
./Todas/F/F139.jpg,F
./Todas/Y/Y177.jpg,Y
./Todas/M/M198.jpg,M
./Todas/T/T94.jpg,T
./Todas/V/V234.jpg,V
./Todas/Y/Y154.jpg,Y
./Todas/C/C96.jpg,C
./Todas/W/W231.jpg,W
./Todas/L/L221.jpg,L
./Todas/A/A75.jpg,A
./Todas/N/N88.jpg,N
./Todas/T/T217.jpg,T
./Todas/V/V205.jpg,V
./Todas/B/B33.jpg,B
./Todas/U/U200.jpg,U
./Todas/D/D9.jpg,D
./Todas/W/W120.jpg,W
./Todas/H/H11.jpg,H
./Todas/N/N138.jpg,N
./Todas/C/C31.jpg,C
./Todas/C/C203.jpg,C
./Todas/A/A54.jpg,A
./Todas/W/W158.jpg,W
./Todas/A/A55.jpg,A
./Todas/O/O142.jpg,O
./Todas/A/A123.jpg,A
./Todas/W/W169.jpg,W
./Todas/M/M126.jpg,M
./Todas/O/O19.jpg,O
./Todas/Q/Q166.jpg,Q
./Todas/F/F95.jpg,F
./Todas/V/V188.jpg,V
./Todas/W/W128.jpg,W
./Todas/X/X240.jpg,X
./Todas/O/O48.jpg,O
./Todas/N/N156.jpg,N
./Todas/H/H84.jpg,H
./Todas/U/U184.jpg,U
./Todas/V/V221.jpg,V
./Todas/I/I256.jpg,I
./Todas/F/F127.jpg,F
./Todas/B/B204.jpg,B
./Todas/R/R185.jpg,R
./Todas/I/I116.jpg,I
./Todas/A/A171.jpg,A
./Todas/I/I257.jpg,I
./Todas/K/K234.jpg,K
./Todas/O/O200.jpg,O
./Todas/A/A158.jpg,A
./Todas/C/C117.jpg,C
./Todas/U/U150.jpg,U
./Todas/I/I122.jpg,I
./Todas/B/B245.jpg,B
./Todas/P/P6.jpg,P
./Todas/U/U172.jpg,U
./Todas/M/M219.jpg,M
./Todas/O/O1.jpg,O
./Todas/B/B28.jpg,B
./Todas/U/U186.jpg,U
./Todas/I/I70.jpg,I
./Todas/R/R86.jpg,R
./Todas/T/T62.jpg,T
./Todas/A/A28.jpg,A
./Todas/Q/Q6.jpg,Q
./Todas/O/O140.jpg,O
./Todas/D/D73.jpg,D
./Todas/Y/Y166.jpg,Y
./Todas/V/V94.jpg,V
./Todas/R/R281.jpg,R
./Todas/O/O239.jpg,O
./Todas/U/U252.jpg,U
./Todas/V/V155.jpg,V
./Todas/F/F161.jpg,F
./Todas/K/K200.jpg,K
./Todas/M/M81.jpg,M
./Todas/K/K223.jpg,K
./Todas/K/K176.jpg,K
./Todas/F/F32.jpg,F
./Todas/M/M27.jpg,M
./Todas/V/V79.jpg,V
./Todas/T/T61.jpg,T
./Todas/H/H12.jpg,H
./Todas/R/R179.jpg,R
./Todas/E/E167.jpg,E
./Todas/D/D89.jpg,D
./Todas/H/H81.jpg,H
./Todas/K/K69.jpg,K
./Todas/L/L138.jpg,L
./Todas/I/I208.jpg,I
./Todas/O/O152.jpg,O
./Todas/U/U122.jpg,U
./Todas/Q/Q214.jpg,Q
./Todas/L/L72.jpg,L
./Todas/H/H34.jpg,H
./Todas/E/E146.jpg,E
./Todas/P/P238.jpg,P
./Todas/K/K31.jpg,K
./Todas/V/V237.jpg,V
./Todas/N/N184.jpg,N
./Todas/C/C41.jpg,C
./Todas/F/F124.jpg,F
./Todas/O/O111.jpg,O
./Todas/W/W144.jpg,W
./Todas/H/H63.jpg,H
./Todas/I/I131.jpg,I
./Todas/F/F130.jpg,F
./Todas/D/D144.jpg,D
./Todas/Y/Y250.jpg,Y
./Todas/D/D107.jpg,D
./Todas/R/R170.jpg,R
./Todas/U/U168.jpg,U
./Todas/T/T215.jpg,T
./Todas/V/V208.jpg,V
./Todas/T/T46.jpg,T
./Todas/T/T53.jpg,T
./Todas/W/W105.jpg,W
./Todas/N/N64.jpg,N
./Todas/Q/Q121.jpg,Q
./Todas/C/C15.jpg,C
./Todas/U/U207.jpg,U
./Todas/V/V95.jpg,V
./Todas/D/D60.jpg,D
./Todas/T/T33.jpg,T
./Todas/H/H64.jpg,H
./Todas/T/T158.jpg,T
./Todas/C/C47.jpg,C
./Todas/W/W243.jpg,W
./Todas/N/N26.jpg,N
./Todas/O/O163.jpg,O
./Todas/C/C253.jpg,C
./Todas/M/M230.jpg,M
./Todas/I/I173.jpg,I
./Todas/B/B232.jpg,B
./Todas/U/U65.jpg,U
./Todas/O/O138.jpg,O
./Todas/L/L152.jpg,L
./Todas/L/L37.jpg,L
./Todas/D/D97.jpg,D
./Todas/X/X52.jpg,X
./Todas/E/E118.jpg,E
./Todas/M/M141.jpg,M
./Todas/U/U79.jpg,U
./Todas/K/K11.jpg,K
./Todas/R/R278.jpg,R
./Todas/L/L56.jpg,L
./Todas/V/V81.jpg,V
./Todas/B/B42.jpg,B
./Todas/C/C99.jpg,C
./Todas/E/E28.jpg,E
./Todas/O/O144.jpg,O
./Todas/B/B152.jpg,B
./Todas/C/C229.jpg,C
./Todas/U/U50.jpg,U
./Todas/Q/Q225.jpg,Q
./Todas/N/N106.jpg,N
./Todas/F/F79.jpg,F
./Todas/H/H156.jpg,H
./Todas/X/X14.jpg,X
./Todas/X/X184.jpg,X
./Todas/Q/Q104.jpg,Q
./Todas/F/F75.jpg,F
./Todas/V/V219.jpg,V
./Todas/M/M243.jpg,M
./Todas/Q/Q100.jpg,Q
./Todas/W/W110.jpg,W
./Todas/T/T87.jpg,T
./Todas/O/O202.jpg,O
./Todas/C/C131.jpg,C
./Todas/P/P211.jpg,P
./Todas/I/I81.jpg,I
./Todas/Q/Q232.jpg,Q
./Todas/C/C30.jpg,C
./Todas/T/T55.jpg,T
./Todas/D/D44.jpg,D
./Todas/Y/Y215.jpg,Y
./Todas/O/O11.jpg,O
./Todas/L/L208.jpg,L
./Todas/V/V202.jpg,V
./Todas/H/H29.jpg,H
./Todas/U/U82.jpg,U
./Todas/C/C270.jpg,C
./Todas/O/O206.jpg,O
./Todas/I/I88.jpg,I
./Todas/T/T189.jpg,T
./Todas/D/D176.jpg,D
./Todas/P/P81.jpg,P
./Todas/Y/Y54.jpg,Y
./Todas/P/P27.jpg,P
./Todas/K/K219.jpg,K
./Todas/C/C5.jpg,C
./Todas/X/X25.jpg,X
./Todas/N/N65.jpg,N
./Todas/N/N53.jpg,N
./Todas/L/L111.jpg,L
./Todas/D/D101.jpg,D
./Todas/L/L104.jpg,L
./Todas/L/L225.jpg,L
./Todas/I/I129.jpg,I
./Todas/B/B207.jpg,B
./Todas/T/T161.jpg,T
./Todas/V/V211.jpg,V
./Todas/Y/Y239.jpg,Y
./Todas/U/U227.jpg,U
./Todas/F/F120.jpg,F
./Todas/O/O143.jpg,O
./Todas/U/U53.jpg,U
./Todas/R/R250.jpg,R
./Todas/V/V47.jpg,V
./Todas/H/H134.jpg,H
./Todas/X/X226.jpg,X
./Todas/I/I138.jpg,I
./Todas/Q/Q140.jpg,Q
./Todas/I/I107.jpg,I
./Todas/V/V124.jpg,V
./Todas/W/W143.jpg,W
./Todas/O/O80.jpg,O
./Todas/O/O198.jpg,O
./Todas/D/D51.jpg,D
./Todas/V/V137.jpg,V
./Todas/B/B169.jpg,B
./Todas/E/E105.jpg,E
./Todas/N/N125.jpg,N
./Todas/W/W111.jpg,W
./Todas/A/A128.jpg,A
./Todas/B/B7.jpg,B
./Todas/Q/Q106.jpg,Q
./Todas/C/C67.jpg,C
./Todas/V/V35.jpg,V
./Todas/Q/Q172.jpg,Q
./Todas/W/W139.jpg,W
./Todas/O/O31.jpg,O
./Todas/P/P183.jpg,P
./Todas/Q/Q44.jpg,Q
./Todas/W/W123.jpg,W
./Todas/P/P115.jpg,P
./Todas/K/K163.jpg,K
./Todas/R/R265.jpg,R
./Todas/Q/Q56.jpg,Q
./Todas/H/H94.jpg,H
./Todas/R/R128.jpg,R
./Todas/D/D145.jpg,D
./Todas/W/W32.jpg,W
./Todas/K/K240.jpg,K
./Todas/Q/Q113.jpg,Q
./Todas/Y/Y90.jpg,Y
./Todas/K/K60.jpg,K
./Todas/F/F231.jpg,F
./Todas/D/D236.jpg,D
./Todas/C/C193.jpg,C
./Todas/B/B38.jpg,B
./Todas/C/C78.jpg,C
./Todas/M/M38.jpg,M
./Todas/R/R115.jpg,R
./Todas/W/W115.jpg,W
./Todas/H/H154.jpg,H
./Todas/Y/Y63.jpg,Y
./Todas/F/F140.jpg,F
./Todas/D/D161.jpg,D
./Todas/W/W171.jpg,W
./Todas/W/W80.jpg,W
./Todas/Q/Q1.jpg,Q
./Todas/F/F66.jpg,F
./Todas/Q/Q217.jpg,Q
./Todas/I/I24.jpg,I
./Todas/K/K152.jpg,K
./Todas/L/L160.jpg,L
./Todas/P/P222.jpg,P
./Todas/B/B41.jpg,B
./Todas/W/W160.jpg,W
./Todas/Q/Q110.jpg,Q
./Todas/A/A169.jpg,A
./Todas/W/W183.jpg,W
./Todas/H/H91.jpg,H
./Todas/R/R53.jpg,R
./Todas/W/W56.jpg,W
./Todas/O/O124.jpg,O
./Todas/K/K120.jpg,K
./Todas/B/B177.jpg,B
./Todas/C/C269.jpg,C
./Todas/T/T160.jpg,T
./Todas/W/W224.jpg,W
./Todas/Q/Q65.jpg,Q
./Todas/I/I17.jpg,I
./Todas/L/L8.jpg,L
./Todas/M/M194.jpg,M
./Todas/E/E33.jpg,E
./Todas/X/X200.jpg,X
./Todas/F/F20.jpg,F
./Todas/F/F17.jpg,F
./Todas/Y/Y246.jpg,Y
./Todas/N/N99.jpg,N
./Todas/O/O26.jpg,O
./Todas/B/B82.jpg,B
./Todas/A/A160.jpg,A
./Todas/B/B104.jpg,B
./Todas/B/B183.jpg,B
./Todas/H/H169.jpg,H
./Todas/W/W251.jpg,W
./Todas/T/T105.jpg,T
./Todas/V/V111.jpg,V
./Todas/W/W75.jpg,W
./Todas/L/L69.jpg,L
./Todas/E/E100.jpg,E
./Todas/O/O14.jpg,O
./Todas/U/U165.jpg,U
./Todas/Y/Y124.jpg,Y
./Todas/E/E107.jpg,E
./Todas/Q/Q90.jpg,Q
./Todas/H/H47.jpg,H
./Todas/U/U241.jpg,U
./Todas/E/E123.jpg,E
./Todas/X/X215.jpg,X
./Todas/T/T101.jpg,T
./Todas/O/O244.jpg,O
./Todas/E/E106.jpg,E
./Todas/Q/Q120.jpg,Q
./Todas/N/N31.jpg,N
./Todas/X/X100.jpg,X
./Todas/X/X8.jpg,X
./Todas/R/R6.jpg,R
./Todas/Y/Y77.jpg,Y
./Todas/Y/Y224.jpg,Y
./Todas/D/D119.jpg,D
./Todas/P/P117.jpg,P
./Todas/E/E140.jpg,E
./Todas/A/A106.jpg,A
./Todas/T/T229.jpg,T
./Todas/B/B178.jpg,B
./Todas/I/I13.jpg,I
./Todas/L/L179.jpg,L
./Todas/U/U92.jpg,U
./Todas/K/K197.jpg,K
./Todas/A/A95.jpg,A
./Todas/M/M115.jpg,M
./Todas/K/K80.jpg,K
./Todas/X/X158.jpg,X
./Todas/C/C222.jpg,C
./Todas/H/H59.jpg,H
./Todas/V/V217.jpg,V
./Todas/M/M248.jpg,M
./Todas/O/O126.jpg,O
./Todas/N/N120.jpg,N
./Todas/N/N197.jpg,N
./Todas/W/W222.jpg,W
./Todas/W/W13.jpg,W
./Todas/D/D13.jpg,D
./Todas/I/I84.jpg,I
./Todas/K/K102.jpg,K
./Todas/Q/Q212.jpg,Q
./Todas/B/B242.jpg,B
./Todas/I/I176.jpg,I
./Todas/B/B158.jpg,B
./Todas/N/N134.jpg,N
./Todas/K/K159.jpg,K
./Todas/W/W40.jpg,W
./Todas/Y/Y223.jpg,Y
./Todas/L/L199.jpg,L
./Todas/A/A185.jpg,A
./Todas/L/L191.jpg,L
./Todas/U/U110.jpg,U
./Todas/T/T111.jpg,T
./Todas/X/X198.jpg,X
./Todas/A/A67.jpg,A
./Todas/H/H13.jpg,H
./Todas/M/M102.jpg,M
./Todas/X/X135.jpg,X
./Todas/H/H104.jpg,H
./Todas/A/A138.jpg,A
./Todas/H/H36.jpg,H
./Todas/W/W31.jpg,W
./Todas/P/P71.jpg,P
./Todas/X/X32.jpg,X
./Todas/F/F206.jpg,F
./Todas/A/A72.jpg,A
./Todas/M/M171.jpg,M
./Todas/F/F199.jpg,F
./Todas/L/L48.jpg,L
./Todas/V/V129.jpg,V
./Todas/Y/Y6.jpg,Y
./Todas/A/A5.jpg,A
./Todas/N/N81.jpg,N
./Todas/A/A163.jpg,A
./Todas/N/N108.jpg,N
./Todas/K/K72.jpg,K
./Todas/M/M40.jpg,M
./Todas/P/P198.jpg,P
./Todas/D/D217.jpg,D
./Todas/P/P54.jpg,P
./Todas/F/F223.jpg,F
./Todas/X/X103.jpg,X
./Todas/U/U143.jpg,U
./Todas/K/K49.jpg,K
./Todas/Y/Y35.jpg,Y
./Todas/V/V197.jpg,V
./Todas/N/N153.jpg,N
./Todas/R/R54.jpg,R
./Todas/W/W119.jpg,W
./Todas/E/E157.jpg,E
./Todas/T/T173.jpg,T
./Todas/L/L15.jpg,L
./Todas/X/X34.jpg,X
./Todas/Y/Y198.jpg,Y
./Todas/C/C21.jpg,C
./Todas/V/V231.jpg,V
./Todas/F/F197.jpg,F
./Todas/R/R135.jpg,R
./Todas/L/L131.jpg,L
./Todas/T/T122.jpg,T
./Todas/O/O59.jpg,O
./Todas/I/I161.jpg,I
./Todas/B/B77.jpg,B
./Todas/E/E34.jpg,E
./Todas/K/K134.jpg,K
./Todas/Q/Q116.jpg,Q
./Todas/P/P21.jpg,P
./Todas/Q/Q230.jpg,Q
./Todas/L/L76.jpg,L
./Todas/F/F128.jpg,F
./Todas/W/W14.jpg,W
./Todas/Q/Q122.jpg,Q
./Todas/M/M229.jpg,M
./Todas/U/U3.jpg,U
./Todas/E/E42.jpg,E
./Todas/E/E145.jpg,E
./Todas/O/O97.jpg,O
./Todas/V/V145.jpg,V
./Todas/T/T247.jpg,T
./Todas/B/B75.jpg,B
./Todas/L/L96.jpg,L
./Todas/N/N63.jpg,N
./Todas/P/P248.jpg,P
./Todas/N/N182.jpg,N
./Todas/N/N173.jpg,N
./Todas/L/L44.jpg,L
./Todas/A/A71.jpg,A
./Todas/C/C139.jpg,C
./Todas/Y/Y182.jpg,Y
./Todas/Q/Q97.jpg,Q
./Todas/M/M251.jpg,M
./Todas/K/K44.jpg,K
./Todas/P/P92.jpg,P
./Todas/V/V169.jpg,V
./Todas/T/T224.jpg,T
./Todas/M/M21.jpg,M
./Todas/Q/Q154.jpg,Q
./Todas/D/D11.jpg,D
./Todas/N/N12.jpg,N
./Todas/N/N60.jpg,N
./Todas/P/P214.jpg,P
./Todas/V/V69.jpg,V
./Todas/V/V77.jpg,V
./Todas/O/O56.jpg,O
./Todas/V/V156.jpg,V
./Todas/D/D156.jpg,D
./Todas/U/U38.jpg,U
./Todas/I/I259.jpg,I
./Todas/M/M111.jpg,M
./Todas/U/U244.jpg,U
./Todas/L/L13.jpg,L
./Todas/N/N172.jpg,N
./Todas/B/B24.jpg,B
./Todas/P/P202.jpg,P
./Todas/C/C91.jpg,C
./Todas/Q/Q94.jpg,Q
./Todas/F/F101.jpg,F
./Todas/L/L227.jpg,L
./Todas/I/I15.jpg,I
./Todas/R/R165.jpg,R
./Todas/L/L42.jpg,L
./Todas/F/F21.jpg,F
./Todas/U/U145.jpg,U
./Todas/M/M175.jpg,M
./Todas/V/V247.jpg,V
./Todas/R/R1.jpg,R
./Todas/K/K46.jpg,K
./Todas/A/A65.jpg,A
./Todas/T/T208.jpg,T
./Todas/P/P7.jpg,P
./Todas/U/U28.jpg,U
./Todas/N/N19.jpg,N
./Todas/P/P70.jpg,P
./Todas/F/F4.jpg,F
./Todas/P/P223.jpg,P
./Todas/P/P247.jpg,P
./Todas/A/A73.jpg,A
./Todas/B/B19.jpg,B
./Todas/M/M146.jpg,M
./Todas/X/X126.jpg,X
./Todas/L/L120.jpg,L
./Todas/R/R102.jpg,R
./Todas/O/O240.jpg,O
./Todas/I/I260.jpg,I
./Todas/X/X187.jpg,X
./Todas/A/A148.jpg,A
./Todas/C/C176.jpg,C
./Todas/H/H165.jpg,H
./Todas/L/L55.jpg,L
./Todas/Y/Y31.jpg,Y
./Todas/A/A34.jpg,A
./Todas/D/D171.jpg,D
./Todas/V/V192.jpg,V
./Todas/E/E148.jpg,E
./Todas/Q/Q158.jpg,Q
./Todas/I/I106.jpg,I
./Todas/E/E70.jpg,E
./Todas/V/V78.jpg,V
./Todas/R/R270.jpg,R
./Todas/E/E48.jpg,E
./Todas/L/L65.jpg,L
./Todas/B/B141.jpg,B
./Todas/V/V238.jpg,V
./Todas/X/X155.jpg,X
./Todas/P/P17.jpg,P
./Todas/B/B202.jpg,B
./Todas/L/L117.jpg,L
./Todas/L/L248.jpg,L
./Todas/A/A117.jpg,A
./Todas/W/W39.jpg,W
./Todas/R/R158.jpg,R
./Todas/F/F204.jpg,F
./Todas/K/K170.jpg,K
./Todas/L/L236.jpg,L
./Todas/L/L124.jpg,L
./Todas/I/I61.jpg,I
./Todas/O/O246.jpg,O
./Todas/R/R19.jpg,R
./Todas/E/E126.jpg,E
./Todas/Q/Q248.jpg,Q
./Todas/R/R247.jpg,R
./Todas/X/X118.jpg,X
./Todas/A/A35.jpg,A
./Todas/K/K232.jpg,K
./Todas/R/R58.jpg,R
./Todas/B/B34.jpg,B
./Todas/Y/Y1.jpg,Y
./Todas/I/I205.jpg,I
./Todas/X/X24.jpg,X
./Todas/L/L60.jpg,L
./Todas/H/H72.jpg,H
./Todas/B/B95.jpg,B
./Todas/Q/Q19.jpg,Q
./Todas/B/B17.jpg,B
./Todas/D/D64.jpg,D
./Todas/P/P122.jpg,P
./Todas/Y/Y214.jpg,Y
./Todas/E/E113.jpg,E
./Todas/V/V39.jpg,V
./Todas/K/K110.jpg,K
./Todas/Q/Q60.jpg,Q
./Todas/H/H113.jpg,H
./Todas/H/H61.jpg,H
./Todas/M/M161.jpg,M
./Todas/P/P62.jpg,P
./Todas/L/L24.jpg,L
./Todas/O/O227.jpg,O
./Todas/K/K143.jpg,K
./Todas/Q/Q88.jpg,Q
./Todas/X/X191.jpg,X
./Todas/F/F47.jpg,F
./Todas/F/F192.jpg,F
./Todas/U/U70.jpg,U
./Todas/D/D231.jpg,D
./Todas/I/I67.jpg,I
./Todas/I/I113.jpg,I
./Todas/P/P147.jpg,P
./Todas/D/D240.jpg,D
./Todas/H/H151.jpg,H
./Todas/A/A130.jpg,A
./Todas/P/P85.jpg,P
./Todas/U/U1.jpg,U
./Todas/H/H138.jpg,H
./Todas/U/U144.jpg,U
./Todas/D/D203.jpg,D
./Todas/I/I96.jpg,I
./Todas/F/F81.jpg,F
./Todas/E/E67.jpg,E
./Todas/E/E171.jpg,E
./Todas/A/A179.jpg,A
./Todas/B/B47.jpg,B
./Todas/R/R126.jpg,R
./Todas/F/F43.jpg,F
./Todas/U/U88.jpg,U
./Todas/Y/Y221.jpg,Y
./Todas/D/D43.jpg,D
./Todas/F/F123.jpg,F
./Todas/H/H45.jpg,H
./Todas/R/R26.jpg,R
./Todas/E/E83.jpg,E
./Todas/T/T174.jpg,T
./Todas/Y/Y121.jpg,Y
./Todas/A/A33.jpg,A
./Todas/E/E117.jpg,E
./Todas/Y/Y72.jpg,Y
./Todas/M/M75.jpg,M
./Todas/C/C71.jpg,C
./Todas/Q/Q228.jpg,Q
./Todas/K/K156.jpg,K
./Todas/O/O60.jpg,O
./Todas/N/N198.jpg,N
./Todas/V/V215.jpg,V
./Todas/E/E56.jpg,E
./Todas/I/I83.jpg,I
./Todas/M/M11.jpg,M
./Todas/U/U102.jpg,U
./Todas/O/O120.jpg,O
./Todas/F/F113.jpg,F
./Todas/B/B26.jpg,B
./Todas/O/O17.jpg,O
./Todas/C/C217.jpg,C
./Todas/K/K122.jpg,K
./Todas/V/V125.jpg,V
./Todas/L/L67.jpg,L
./Todas/Y/Y138.jpg,Y
./Todas/U/U60.jpg,U
./Todas/H/H144.jpg,H
./Todas/Q/Q195.jpg,Q
./Todas/W/W201.jpg,W
./Todas/K/K19.jpg,K
./Todas/R/R176.jpg,R
./Todas/A/A219.jpg,A
./Todas/Y/Y17.jpg,Y
./Todas/T/T121.jpg,T
./Todas/U/U177.jpg,U
./Todas/B/B206.jpg,B
./Todas/N/N35.jpg,N
./Todas/F/F165.jpg,F
./Todas/X/X80.jpg,X
./Todas/B/B36.jpg,B
./Todas/K/K138.jpg,K
./Todas/W/W72.jpg,W
./Todas/W/W133.jpg,W
./Todas/L/L186.jpg,L
./Todas/F/F155.jpg,F
./Todas/X/X47.jpg,X
./Todas/W/W67.jpg,W
./Todas/U/U2.jpg,U
./Todas/T/T48.jpg,T
./Todas/M/M24.jpg,M
./Todas/B/B39.jpg,B
./Todas/O/O208.jpg,O
./Todas/T/T221.jpg,T
./Todas/K/K86.jpg,K
./Todas/K/K216.jpg,K
./Todas/O/O154.jpg,O
./Todas/Q/Q21.jpg,Q
./Todas/M/M149.jpg,M
./Todas/H/H65.jpg,H
./Todas/L/L32.jpg,L
./Todas/N/N40.jpg,N
./Todas/H/H90.jpg,H
./Todas/O/O134.jpg,O
./Todas/D/D159.jpg,D
./Todas/D/D183.jpg,D
./Todas/T/T81.jpg,T
./Todas/Q/Q76.jpg,Q
./Todas/V/V53.jpg,V
./Todas/M/M129.jpg,M
./Todas/P/P127.jpg,P
./Todas/C/C9.jpg,C
./Todas/R/R213.jpg,R
./Todas/A/A150.jpg,A
./Todas/U/U35.jpg,U
./Todas/R/R188.jpg,R
./Todas/W/W247.jpg,W
./Todas/H/H106.jpg,H
./Todas/U/U156.jpg,U
./Todas/E/E151.jpg,E
./Todas/T/T234.jpg,T
./Todas/W/W161.jpg,W
./Todas/Q/Q49.jpg,Q
./Todas/H/H146.jpg,H
./Todas/Y/Y147.jpg,Y
./Todas/Y/Y193.jpg,Y
./Todas/N/N211.jpg,N
./Todas/L/L163.jpg,L
./Todas/X/X217.jpg,X
./Todas/U/U97.jpg,U
./Todas/E/E3.jpg,E
./Todas/X/X62.jpg,X
./Todas/A/A43.jpg,A
./Todas/W/W185.jpg,W
./Todas/X/X153.jpg,X
./Todas/O/O81.jpg,O
./Todas/Q/Q169.jpg,Q
./Todas/Y/Y161.jpg,Y
./Todas/Q/Q9.jpg,Q
./Todas/M/M37.jpg,M
./Todas/A/A129.jpg,A
./Todas/I/I42.jpg,I
./Todas/M/M57.jpg,M
./Todas/N/N57.jpg,N
./Todas/I/I6.jpg,I
./Todas/Q/Q99.jpg,Q
./Todas/M/M157.jpg,M
./Todas/W/W192.jpg,W
./Todas/C/C126.jpg,C
./Todas/X/X192.jpg,X
./Todas/L/L192.jpg,L
./Todas/V/V91.jpg,V
./Todas/F/F200.jpg,F
./Todas/U/U226.jpg,U
./Todas/V/V189.jpg,V
./Todas/H/H27.jpg,H
./Todas/R/R240.jpg,R
./Todas/W/W235.jpg,W
./Todas/W/W57.jpg,W
./Todas/V/V151.jpg,V
./Todas/O/O118.jpg,O
./Todas/O/O32.jpg,O
./Todas/E/E30.jpg,E
./Todas/B/B125.jpg,B
./Todas/U/U170.jpg,U
./Todas/M/M187.jpg,M
./Todas/R/R10.jpg,R
./Todas/V/V83.jpg,V
./Todas/B/B184.jpg,B
./Todas/I/I29.jpg,I
./Todas/L/L80.jpg,L
./Todas/D/D139.jpg,D
./Todas/D/D92.jpg,D
./Todas/O/O96.jpg,O
./Todas/Y/Y47.jpg,Y
./Todas/X/X242.jpg,X
./Todas/X/X151.jpg,X
./Todas/C/C65.jpg,C
./Todas/F/F100.jpg,F
./Todas/C/C55.jpg,C
./Todas/E/E184.jpg,E
./Todas/D/D177.jpg,D
./Todas/B/B229.jpg,B
./Todas/N/N92.jpg,N
./Todas/C/C190.jpg,C
./Todas/U/U106.jpg,U
./Todas/O/O67.jpg,O
./Todas/P/P108.jpg,P
./Todas/X/X207.jpg,X
./Todas/R/R206.jpg,R
./Todas/C/C151.jpg,C
./Todas/Y/Y13.jpg,Y
./Todas/A/A63.jpg,A
./Todas/E/E172.jpg,E
./Todas/U/U223.jpg,U
./Todas/D/D48.jpg,D
./Todas/C/C161.jpg,C
./Todas/F/F174.jpg,F
./Todas/P/P58.jpg,P
./Todas/A/A88.jpg,A
./Todas/V/V241.jpg,V
./Todas/C/C224.jpg,C
./Todas/D/D206.jpg,D
./Todas/U/U46.jpg,U
./Todas/F/F148.jpg,F
./Todas/N/N32.jpg,N
./Todas/V/V93.jpg,V
./Todas/A/A96.jpg,A
./Todas/H/H39.jpg,H
./Todas/O/O234.jpg,O
./Todas/Y/Y83.jpg,Y
./Todas/W/W200.jpg,W
./Todas/D/D61.jpg,D
./Todas/U/U72.jpg,U
./Todas/C/C199.jpg,C
./Todas/F/F36.jpg,F
./Todas/K/K203.jpg,K
./Todas/P/P12.jpg,P
./Todas/Q/Q229.jpg,Q
./Todas/W/W24.jpg,W
./Todas/N/N1.jpg,N
./Todas/C/C221.jpg,C
./Todas/E/E16.jpg,E
./Todas/V/V250.jpg,V
./Todas/T/T127.jpg,T
./Todas/K/K47.jpg,K
./Todas/I/I240.jpg,I
./Todas/Q/Q243.jpg,Q
./Todas/M/M8.jpg,M
./Todas/P/P166.jpg,P
./Todas/O/O128.jpg,O
./Todas/E/E17.jpg,E
./Todas/I/I51.jpg,I
./Todas/I/I11.jpg,I
./Todas/T/T179.jpg,T
./Todas/P/P219.jpg,P
./Todas/B/B103.jpg,B
./Todas/B/B185.jpg,B
./Todas/M/M238.jpg,M
./Todas/A/A182.jpg,A
./Todas/X/X55.jpg,X
./Todas/R/R147.jpg,R
./Todas/L/L219.jpg,L
./Todas/O/O228.jpg,O
./Todas/P/P154.jpg,P
./Todas/Y/Y150.jpg,Y
./Todas/P/P87.jpg,P
./Todas/K/K136.jpg,K
./Todas/Y/Y102.jpg,Y
./Todas/U/U229.jpg,U
./Todas/M/M59.jpg,M
./Todas/L/L63.jpg,L
./Todas/B/B32.jpg,B
./Todas/T/T44.jpg,T
./Todas/U/U86.jpg,U
./Todas/U/U192.jpg,U
./Todas/B/B91.jpg,B
./Todas/O/O171.jpg,O
./Todas/U/U248.jpg,U
./Todas/P/P43.jpg,P
./Todas/I/I128.jpg,I
./Todas/E/E163.jpg,E
./Todas/D/D153.jpg,D
./Todas/N/N80.jpg,N
./Todas/V/V1.jpg,V
./Todas/A/A177.jpg,A
./Todas/N/N243.jpg,N
./Todas/N/N239.jpg,N
./Todas/M/M73.jpg,M
./Todas/Y/Y57.jpg,Y
./Todas/C/C61.jpg,C
./Todas/L/L204.jpg,L
./Todas/C/C64.jpg,C
./Todas/A/A228.jpg,A
./Todas/D/D259.jpg,D
./Todas/P/P136.jpg,P
./Todas/R/R65.jpg,R
./Todas/L/L16.jpg,L
./Todas/M/M163.jpg,M
./Todas/R/R181.jpg,R
./Todas/U/U176.jpg,U
./Todas/D/D16.jpg,D
./Todas/H/H88.jpg,H
./Todas/U/U5.jpg,U
./Todas/V/V32.jpg,V
./Todas/L/L87.jpg,L
./Todas/P/P67.jpg,P
./Todas/V/V97.jpg,V
./Todas/H/H40.jpg,H
./Todas/C/C48.jpg,C
./Todas/F/F172.jpg,F
./Todas/L/L45.jpg,L
./Todas/B/B211.jpg,B
./Todas/X/X175.jpg,X
./Todas/F/F222.jpg,F
./Todas/X/X98.jpg,X
./Todas/F/F176.jpg,F
./Todas/W/W229.jpg,W
./Todas/B/B205.jpg,B
./Todas/C/C141.jpg,C
./Todas/H/H56.jpg,H
./Todas/U/U108.jpg,U
./Todas/M/M17.jpg,M
./Todas/V/V16.jpg,V
./Todas/O/O83.jpg,O
./Todas/L/L53.jpg,L
./Todas/R/R192.jpg,R
./Todas/O/O188.jpg,O
./Todas/W/W41.jpg,W
./Todas/N/N121.jpg,N
./Todas/U/U130.jpg,U
./Todas/U/U195.jpg,U
./Todas/W/W77.jpg,W
./Todas/L/L85.jpg,L
./Todas/P/P28.jpg,P
./Todas/B/B120.jpg,B
./Todas/C/C85.jpg,C
./Todas/E/E50.jpg,E
./Todas/I/I111.jpg,I
./Todas/O/O192.jpg,O
./Todas/Q/Q198.jpg,Q
./Todas/I/I90.jpg,I
./Todas/V/V41.jpg,V
./Todas/I/I193.jpg,I
./Todas/A/A134.jpg,A
./Todas/M/M89.jpg,M
./Todas/K/K129.jpg,K
./Todas/R/R161.jpg,R
./Todas/E/E69.jpg,E
./Todas/H/H173.jpg,H
./Todas/A/A215.jpg,A
./Todas/F/F84.jpg,F
./Todas/H/H132.jpg,H
./Todas/H/H135.jpg,H
./Todas/V/V96.jpg,V
./Todas/N/N17.jpg,N
./Todas/P/P3.jpg,P
./Todas/B/B9.jpg,B
./Todas/E/E111.jpg,E
./Todas/Y/Y16.jpg,Y
./Todas/F/F208.jpg,F
./Todas/I/I112.jpg,I
./Todas/E/E156.jpg,E
./Todas/V/V227.jpg,V
./Todas/M/M46.jpg,M
./Todas/M/M56.jpg,M
./Todas/P/P215.jpg,P
./Todas/A/A104.jpg,A
./Todas/O/O180.jpg,O
./Todas/H/H124.jpg,H
./Todas/Q/Q184.jpg,Q
./Todas/B/B118.jpg,B
./Todas/K/K204.jpg,K
./Todas/F/F114.jpg,F
./Todas/H/H77.jpg,H
./Todas/N/N54.jpg,N
./Todas/B/B176.jpg,B
./Todas/D/D110.jpg,D
./Todas/Q/Q118.jpg,Q
./Todas/D/D47.jpg,D
./Todas/H/H80.jpg,H
./Todas/E/E71.jpg,E
./Todas/E/E153.jpg,E
./Todas/A/A32.jpg,A
./Todas/Q/Q182.jpg,Q
./Todas/V/V115.jpg,V
./Todas/Q/Q133.jpg,Q
./Todas/X/X63.jpg,X
./Todas/Q/Q245.jpg,Q
./Todas/I/I1.jpg,I
./Todas/E/E49.jpg,E
./Todas/Y/Y112.jpg,Y
./Todas/W/W152.jpg,W
./Todas/D/D94.jpg,D
./Todas/V/V110.jpg,V
./Todas/C/C259.jpg,C
./Todas/H/H136.jpg,H
./Todas/W/W87.jpg,W
./Todas/B/B81.jpg,B
./Todas/W/W45.jpg,W
./Todas/Q/Q115.jpg,Q
./Todas/X/X146.jpg,X
./Todas/K/K85.jpg,K
./Todas/P/P167.jpg,P
./Todas/U/U142.jpg,U
./Todas/T/T85.jpg,T
./Todas/E/E64.jpg,E
./Todas/C/C233.jpg,C
./Todas/T/T159.jpg,T
./Todas/C/C101.jpg,C
./Todas/E/E81.jpg,E
./Todas/O/O187.jpg,O
./Todas/C/C195.jpg,C
./Todas/D/D69.jpg,D
./Todas/F/F39.jpg,F
./Todas/P/P23.jpg,P
./Todas/O/O122.jpg,O
./Todas/D/D211.jpg,D
./Todas/B/B53.jpg,B
./Todas/X/X188.jpg,X
./Todas/E/E130.jpg,E
./Todas/Q/Q236.jpg,Q
./Todas/M/M101.jpg,M
./Todas/F/F190.jpg,F
./Todas/F/F69.jpg,F
./Todas/T/T206.jpg,T
./Todas/E/E63.jpg,E
./Todas/K/K195.jpg,K
./Todas/B/B100.jpg,B
./Todas/U/U17.jpg,U
./Todas/W/W103.jpg,W
./Todas/L/L174.jpg,L
./Todas/C/C171.jpg,C
./Todas/C/C11.jpg,C
./Todas/A/A216.jpg,A
./Todas/U/U209.jpg,U
./Todas/U/U49.jpg,U
./Todas/H/H121.jpg,H
./Todas/R/R256.jpg,R
./Todas/O/O58.jpg,O
./Todas/T/T126.jpg,T
./Todas/Q/Q62.jpg,Q
./Todas/L/L127.jpg,L
./Todas/U/U33.jpg,U
./Todas/Y/Y74.jpg,Y
./Todas/D/D105.jpg,D
./Todas/Y/Y125.jpg,Y
./Todas/I/I134.jpg,I
./Todas/I/I187.jpg,I
./Todas/V/V222.jpg,V
./Todas/I/I250.jpg,I
./Todas/O/O243.jpg,O
./Todas/A/A77.jpg,A
./Todas/B/B10.jpg,B
./Todas/V/V57.jpg,V
./Todas/N/N86.jpg,N
./Todas/O/O131.jpg,O
./Todas/W/W211.jpg,W
./Todas/U/U16.jpg,U
./Todas/F/F180.jpg,F
./Todas/R/R9.jpg,R
./Todas/X/X180.jpg,X
./Todas/N/N141.jpg,N
./Todas/H/H157.jpg,H
./Todas/O/O6.jpg,O
./Todas/U/U99.jpg,U
./Todas/K/K248.jpg,K
./Todas/P/P129.jpg,P
./Todas/C/C185.jpg,C
./Todas/E/E62.jpg,E
./Todas/N/N214.jpg,N
./Todas/D/D99.jpg,D
./Todas/F/F96.jpg,F
./Todas/Q/Q213.jpg,Q
./Todas/B/B191.jpg,B
./Todas/V/V213.jpg,V
./Todas/N/N76.jpg,N
./Todas/Y/Y141.jpg,Y
./Todas/O/O91.jpg,O
./Todas/F/F207.jpg,F
./Todas/X/X38.jpg,X
./Todas/O/O177.jpg,O
./Todas/R/R204.jpg,R
./Todas/K/K161.jpg,K
./Todas/F/F89.jpg,F
./Todas/R/R14.jpg,R
./Todas/D/D172.jpg,D
./Todas/M/M147.jpg,M
./Todas/H/H101.jpg,H
./Todas/F/F175.jpg,F
./Todas/C/C45.jpg,C
./Todas/U/U96.jpg,U
./Todas/K/K15.jpg,K
./Todas/D/D157.jpg,D
./Todas/Y/Y32.jpg,Y
./Todas/P/P184.jpg,P
./Todas/K/K67.jpg,K
./Todas/V/V63.jpg,V
./Todas/W/W167.jpg,W
./Todas/O/O94.jpg,O
./Todas/K/K17.jpg,K
./Todas/E/E155.jpg,E
./Todas/F/F213.jpg,F
./Todas/V/V27.jpg,V
./Todas/I/I158.jpg,I
./Todas/F/F220.jpg,F
./Todas/P/P14.jpg,P
./Todas/Q/Q142.jpg,Q
./Todas/L/L64.jpg,L
./Todas/B/B136.jpg,B
./Todas/L/L97.jpg,L
./Todas/K/K126.jpg,K
./Todas/F/F116.jpg,F
./Todas/N/N168.jpg,N
./Todas/F/F209.jpg,F
./Todas/D/D23.jpg,D
./Todas/B/B168.jpg,B
./Todas/V/V133.jpg,V
./Todas/C/C95.jpg,C
./Todas/P/P145.jpg,P
./Todas/K/K181.jpg,K
./Todas/U/U166.jpg,U
./Todas/N/N93.jpg,N
./Todas/W/W81.jpg,W
./Todas/Y/Y65.jpg,Y
./Todas/R/R96.jpg,R
./Todas/W/W121.jpg,W
./Todas/R/R62.jpg,R
./Todas/X/X41.jpg,X
./Todas/X/X12.jpg,X
./Todas/X/X73.jpg,X
./Todas/N/N224.jpg,N
./Todas/B/B203.jpg,B
./Todas/H/H142.jpg,H
./Todas/W/W127.jpg,W
./Todas/H/H168.jpg,H
./Todas/A/A249.jpg,A
./Todas/T/T207.jpg,T
./Todas/B/B13.jpg,B
./Todas/V/V101.jpg,V
./Todas/V/V31.jpg,V
./Todas/F/F62.jpg,F
./Todas/I/I125.jpg,I
./Todas/X/X247.jpg,X
./Todas/X/X216.jpg,X
./Todas/K/K192.jpg,K
./Todas/K/K166.jpg,K
./Todas/E/E32.jpg,E
./Todas/R/R261.jpg,R
./Todas/E/E53.jpg,E
./Todas/A/A144.jpg,A
./Todas/E/E65.jpg,E
./Todas/C/C183.jpg,C
./Todas/L/L151.jpg,L
./Todas/M/M200.jpg,M
./Todas/H/H141.jpg,H
./Todas/M/M142.jpg,M
./Todas/T/T185.jpg,T
./Todas/E/E141.jpg,E
./Todas/T/T21.jpg,T
./Todas/Q/Q89.jpg,Q
./Todas/V/V25.jpg,V
./Todas/K/K155.jpg,K
./Todas/Y/Y185.jpg,Y
./Todas/A/A45.jpg,A
./Todas/T/T96.jpg,T
./Todas/W/W89.jpg,W
./Todas/P/P99.jpg,P
./Todas/R/R42.jpg,R
./Todas/D/D185.jpg,D
./Todas/Q/Q28.jpg,Q
./Todas/E/E19.jpg,E
./Todas/B/B31.jpg,B
./Todas/P/P76.jpg,P
./Todas/C/C241.jpg,C
./Todas/E/E138.jpg,E
./Todas/W/W239.jpg,W
./Todas/M/M35.jpg,M
./Todas/O/O220.jpg,O
./Todas/H/H98.jpg,H
./Todas/T/T205.jpg,T
./Todas/U/U56.jpg,U
./Todas/N/N8.jpg,N
./Todas/I/I182.jpg,I
./Todas/A/A107.jpg,A
./Todas/U/U159.jpg,U
./Todas/F/F171.jpg,F
./Todas/K/K62.jpg,K
./Todas/X/X22.jpg,X
./Todas/C/C93.jpg,C
./Todas/X/X127.jpg,X
./Todas/L/L156.jpg,L
./Todas/H/H118.jpg,H
./Todas/W/W177.jpg,W
./Todas/A/A111.jpg,A
./Todas/Y/Y109.jpg,Y
./Todas/Y/Y131.jpg,Y
./Todas/C/C247.jpg,C
./Todas/A/A105.jpg,A
./Todas/F/F184.jpg,F
./Todas/N/N85.jpg,N
./Todas/O/O222.jpg,O
./Todas/I/I95.jpg,I
./Todas/C/C240.jpg,C
./Todas/B/B72.jpg,B
./Todas/H/H67.jpg,H
./Todas/Y/Y25.jpg,Y
./Todas/P/P239.jpg,P
./Todas/E/E110.jpg,E
./Todas/T/T7.jpg,T
./Todas/A/A246.jpg,A
./Todas/V/V44.jpg,V
./Todas/U/U117.jpg,U
./Todas/E/E94.jpg,E
./Todas/I/I47.jpg,I
./Todas/C/C189.jpg,C
./Todas/A/A78.jpg,A
./Todas/C/C27.jpg,C
./Todas/W/W30.jpg,W
./Todas/N/N30.jpg,N
./Todas/W/W63.jpg,W
./Todas/W/W95.jpg,W
./Todas/I/I228.jpg,I
./Todas/D/D131.jpg,D
./Todas/T/T139.jpg,T
./Todas/M/M133.jpg,M
./Todas/W/W99.jpg,W
./Todas/M/M193.jpg,M
./Todas/F/F33.jpg,F
./Todas/Q/Q152.jpg,Q
./Todas/V/V76.jpg,V
./Todas/Q/Q38.jpg,Q
./Todas/X/X11.jpg,X
./Todas/W/W53.jpg,W
./Todas/Q/Q222.jpg,Q
./Todas/O/O214.jpg,O
./Todas/O/O112.jpg,O
./Todas/D/D59.jpg,D
./Todas/Y/Y12.jpg,Y
./Todas/A/A69.jpg,A
./Todas/N/N195.jpg,N
./Todas/X/X76.jpg,X
./Todas/D/D179.jpg,D
./Todas/I/I14.jpg,I
./Todas/E/E82.jpg,E
./Todas/W/W48.jpg,W
./Todas/N/N250.jpg,N
./Todas/A/A3.jpg,A
./Todas/Q/Q96.jpg,Q
./Todas/K/K38.jpg,K
./Todas/N/N202.jpg,N
./Todas/K/K222.jpg,K
./Todas/M/M131.jpg,M
./Todas/B/B76.jpg,B
./Todas/B/B147.jpg,B
./Todas/E/E128.jpg,E
./Todas/E/E182.jpg,E
./Todas/U/U126.jpg,U
./Todas/K/K83.jpg,K
./Todas/I/I209.jpg,I
./Todas/K/K117.jpg,K
./Todas/P/P203.jpg,P
./Todas/O/O99.jpg,O
./Todas/A/A136.jpg,A
./Todas/I/I80.jpg,I
./Todas/K/K118.jpg,K
./Todas/I/I118.jpg,I
./Todas/D/D233.jpg,D
./Todas/B/B74.jpg,B
./Todas/I/I179.jpg,I
./Todas/O/O170.jpg,O
./Todas/E/E23.jpg,E
./Todas/W/W94.jpg,W
./Todas/I/I33.jpg,I
./Todas/M/M78.jpg,M
./Todas/M/M53.jpg,M
./Todas/E/E101.jpg,E
./Todas/A/A137.jpg,A
./Todas/Y/Y113.jpg,Y
./Todas/X/X96.jpg,X
./Todas/T/T45.jpg,T
./Todas/K/K70.jpg,K
./Todas/R/R108.jpg,R
./Todas/R/R249.jpg,R
./Todas/V/V141.jpg,V
./Todas/C/C119.jpg,C
./Todas/V/V107.jpg,V
./Todas/C/C87.jpg,C
./Todas/O/O78.jpg,O
./Todas/R/R83.jpg,R
./Todas/Y/Y105.jpg,Y
./Todas/M/M54.jpg,M
./Todas/W/W254.jpg,W
./Todas/Q/Q180.jpg,Q
./Todas/L/L26.jpg,L
./Todas/P/P158.jpg,P
./Todas/P/P197.jpg,P
./Todas/O/O38.jpg,O
./Todas/Y/Y176.jpg,Y
./Todas/Q/Q48.jpg,Q
./Todas/C/C39.jpg,C
./Todas/T/T125.jpg,T
./Todas/I/I56.jpg,I
./Todas/M/M134.jpg,M
./Todas/Q/Q193.jpg,Q
./Todas/W/W241.jpg,W
./Todas/D/D7.jpg,D
./Todas/A/A27.jpg,A
./Todas/R/R23.jpg,R
./Todas/N/N83.jpg,N
./Todas/X/X59.jpg,X
./Todas/Q/Q200.jpg,Q
./Todas/P/P176.jpg,P
./Todas/E/E27.jpg,E
./Todas/B/B145.jpg,B
./Todas/I/I225.jpg,I
./Todas/P/P134.jpg,P
./Todas/P/P152.jpg,P
./Todas/R/R87.jpg,R
./Todas/H/H129.jpg,H
./Todas/T/T123.jpg,T
./Todas/L/L30.jpg,L
./Todas/X/X212.jpg,X
./Todas/Y/Y186.jpg,Y
./Todas/X/X183.jpg,X
./Todas/D/D117.jpg,D
./Todas/O/O46.jpg,O
./Todas/R/R201.jpg,R
./Todas/N/N223.jpg,N
./Todas/V/V224.jpg,V
./Todas/H/H170.jpg,H
./Todas/I/I94.jpg,I
./Todas/B/B54.jpg,B
./Todas/O/O47.jpg,O
./Todas/N/N127.jpg,N
./Todas/T/T187.jpg,T
./Todas/A/A29.jpg,A
./Todas/W/W1.jpg,W
./Todas/L/L39.jpg,L
./Todas/F/F2.jpg,F
./Todas/O/O207.jpg,O
./Todas/C/C33.jpg,C
./Todas/M/M130.jpg,M
./Todas/W/W71.jpg,W
./Todas/E/E31.jpg,E
./Todas/K/K229.jpg,K
./Todas/U/U163.jpg,U
./Todas/I/I26.jpg,I
./Todas/P/P245.jpg,P
./Todas/N/N145.jpg,N
./Todas/B/B40.jpg,B
./Todas/W/W203.jpg,W
./Todas/A/A121.jpg,A
./Todas/L/L51.jpg,L
./Todas/I/I78.jpg,I
./Todas/E/E181.jpg,E
./Todas/U/U191.jpg,U
./Todas/P/P126.jpg,P
./Todas/H/H14.jpg,H
./Todas/T/T117.jpg,T
./Todas/O/O64.jpg,O
./Todas/O/O161.jpg,O
./Todas/B/B44.jpg,B
./Todas/X/X40.jpg,X
./Todas/A/A30.jpg,A
./Todas/B/B133.jpg,B
./Todas/B/B193.jpg,B
./Todas/V/V45.jpg,V
./Todas/L/L158.jpg,L
./Todas/C/C112.jpg,C
./Todas/C/C113.jpg,C
./Todas/B/B209.jpg,B
./Todas/U/U149.jpg,U
./Todas/H/H108.jpg,H
./Todas/U/U133.jpg,U
./Todas/T/T90.jpg,T
./Todas/K/K150.jpg,K
./Todas/V/V139.jpg,V
./Todas/P/P37.jpg,P
./Todas/M/M185.jpg,M
./Todas/P/P235.jpg,P
./Todas/D/D124.jpg,D
./Todas/D/D87.jpg,D
./Todas/M/M232.jpg,M
./Todas/T/T39.jpg,T
./Todas/O/O20.jpg,O
./Todas/L/L206.jpg,L
./Todas/R/R44.jpg,R
./Todas/L/L229.jpg,L
./Todas/T/T1.jpg,T
./Todas/H/H43.jpg,H
./Todas/M/M91.jpg,M
./Todas/E/E75.jpg,E
./Todas/O/O70.jpg,O
./Todas/C/C57.jpg,C
./Todas/M/M121.jpg,M
./Todas/H/H131.jpg,H
./Todas/D/D221.jpg,D
./Todas/I/I154.jpg,I
./Todas/N/N248.jpg,N
./Todas/L/L157.jpg,L
./Todas/C/C205.jpg,C
./Todas/V/V23.jpg,V
./Todas/L/L141.jpg,L
./Todas/D/D103.jpg,D
./Todas/T/T239.jpg,T
./Todas/A/A109.jpg,A
./Todas/M/M127.jpg,M
./Todas/Y/Y48.jpg,Y
./Todas/I/I59.jpg,I
./Todas/X/X43.jpg,X
./Todas/M/M235.jpg,M
./Todas/X/X9.jpg,X
./Todas/Y/Y191.jpg,Y
./Todas/A/A64.jpg,A
./Todas/D/D219.jpg,D
./Todas/L/L90.jpg,L
./Todas/U/U48.jpg,U
./Todas/L/L83.jpg,L
./Todas/I/I198.jpg,I
./Todas/D/D249.jpg,D
./Todas/P/P187.jpg,P
./Todas/N/N95.jpg,N
./Todas/V/V207.jpg,V
./Todas/I/I148.jpg,I
./Todas/Q/Q57.jpg,Q
./Todas/M/M213.jpg,M
./Todas/L/L181.jpg,L
./Todas/Q/Q179.jpg,Q
./Todas/X/X246.jpg,X
./Todas/V/V85.jpg,V
./Todas/V/V193.jpg,V
./Todas/C/C209.jpg,C
./Todas/B/B189.jpg,B
./Todas/H/H79.jpg,H
./Todas/L/L170.jpg,L
./Todas/P/P151.jpg,P
./Todas/M/M30.jpg,M
./Todas/H/H117.jpg,H
./Todas/R/R266.jpg,R
./Todas/O/O4.jpg,O
./Todas/V/V167.jpg,V
./Todas/B/B89.jpg,B
./Todas/E/E88.jpg,E
./Todas/U/U30.jpg,U
./Todas/P/P138.jpg,P
./Todas/X/X164.jpg,X
./Todas/H/H126.jpg,H
./Todas/T/T69.jpg,T
./Todas/R/R5.jpg,R
./Todas/O/O74.jpg,O
./Todas/F/F215.jpg,F
./Todas/X/X36.jpg,X
./Todas/K/K65.jpg,K
./Todas/L/L250.jpg,L
./Todas/Y/Y70.jpg,Y
./Todas/I/I115.jpg,I
./Todas/X/X79.jpg,X
./Todas/U/U26.jpg,U
./Todas/C/C249.jpg,C
./Todas/K/K211.jpg,K
./Todas/L/L209.jpg,L
./Todas/H/H15.jpg,H
./Todas/K/K198.jpg,K
./Todas/D/D223.jpg,D
./Todas/W/W19.jpg,W
./Todas/A/A151.jpg,A
./Todas/L/L234.jpg,L
./Todas/R/R218.jpg,R
./Todas/E/E147.jpg,E
./Todas/A/A13.jpg,A
./Todas/P/P161.jpg,P
./Todas/F/F178.jpg,F
./Todas/U/U188.jpg,U
./Todas/N/N163.jpg,N
./Todas/D/D71.jpg,D
./Todas/T/T47.jpg,T
./Todas/M/M51.jpg,M
./Todas/A/A241.jpg,A
./Todas/O/O115.jpg,O
./Todas/Y/Y88.jpg,Y
./Todas/P/P227.jpg,P
./Todas/Y/Y9.jpg,Y
./Todas/R/R80.jpg,R
./Todas/H/H163.jpg,H
./Todas/Y/Y55.jpg,Y
./Todas/E/E11.jpg,E
./Todas/A/A42.jpg,A
./Todas/Q/Q165.jpg,Q
./Todas/V/V30.jpg,V
./Todas/F/F80.jpg,F
./Todas/T/T249.jpg,T
./Todas/A/A37.jpg,A
./Todas/P/P131.jpg,P
./Todas/Y/Y159.jpg,Y
./Todas/U/U146.jpg,U
./Todas/V/V108.jpg,V
./Todas/L/L203.jpg,L
./Todas/I/I30.jpg,I
./Todas/Q/Q101.jpg,Q
./Todas/B/B21.jpg,B
./Todas/F/F194.jpg,F
./Todas/D/D14.jpg,D
./Todas/I/I46.jpg,I
./Todas/C/C133.jpg,C
./Todas/V/V173.jpg,V
./Todas/R/R238.jpg,R
./Todas/O/O108.jpg,O
./Todas/E/E175.jpg,E
./Todas/R/R153.jpg,R
./Todas/D/D15.jpg,D
./Todas/F/F185.jpg,F
./Todas/E/E85.jpg,E
./Todas/N/N133.jpg,N
./Todas/C/C73.jpg,C
./Todas/R/R105.jpg,R
./Todas/I/I200.jpg,I
./Todas/E/E59.jpg,E
./Todas/P/P106.jpg,P
./Todas/V/V140.jpg,V
./Todas/W/W168.jpg,W
./Todas/M/M245.jpg,M
./Todas/B/B112.jpg,B
./Todas/R/R154.jpg,R
./Todas/D/D83.jpg,D
./Todas/P/P140.jpg,P
./Todas/K/K22.jpg,K
./Todas/O/O236.jpg,O
./Todas/U/U211.jpg,U
./Todas/H/H37.jpg,H
./Todas/U/U154.jpg,U
./Todas/T/T153.jpg,T
./Todas/R/R41.jpg,R
./Todas/R/R224.jpg,R
./Todas/V/V87.jpg,V
./Todas/I/I251.jpg,I
./Todas/Q/Q145.jpg,Q
./Todas/V/V233.jpg,V
./Todas/I/I127.jpg,I
./Todas/Y/Y22.jpg,Y
./Todas/E/E35.jpg,E
./Todas/E/E84.jpg,E
./Todas/Q/Q92.jpg,Q
./Todas/M/M136.jpg,M
./Todas/U/U162.jpg,U
./Todas/T/T106.jpg,T
./Todas/Y/Y144.jpg,Y
./Todas/W/W232.jpg,W
./Todas/K/K154.jpg,K
./Todas/K/K245.jpg,K
./Todas/X/X196.jpg,X
./Todas/Y/Y120.jpg,Y
./Todas/D/D57.jpg,D
./Todas/W/W187.jpg,W
./Todas/K/K214.jpg,K
./Todas/R/R262.jpg,R
./Todas/Q/Q126.jpg,Q
./Todas/M/M15.jpg,M
./Todas/X/X4.jpg,X
./Todas/F/F46.jpg,F
./Todas/X/X124.jpg,X
./Todas/Q/Q188.jpg,Q
./Todas/W/W59.jpg,W
./Todas/T/T145.jpg,T
./Todas/L/L188.jpg,L
./Todas/I/I141.jpg,I
./Todas/E/E44.jpg,E
./Todas/H/H110.jpg,H
./Todas/L/L103.jpg,L
./Todas/X/X70.jpg,X
./Todas/I/I79.jpg,I
./Todas/R/R172.jpg,R
./Todas/Y/Y225.jpg,Y
./Todas/X/X78.jpg,X
./Todas/T/T135.jpg,T
./Todas/B/B94.jpg,B
./Todas/M/M137.jpg,M
./Todas/E/E97.jpg,E
./Todas/V/V165.jpg,V
./Todas/V/V235.jpg,V
./Todas/D/D123.jpg,D
./Todas/F/F162.jpg,F
./Todas/Q/Q209.jpg,Q
./Todas/T/T107.jpg,T
./Todas/W/W112.jpg,W
./Todas/U/U6.jpg,U
./Todas/D/D257.jpg,D
./Todas/Q/Q84.jpg,Q
./Todas/H/H8.jpg,H
./Todas/H/H55.jpg,H
./Todas/U/U64.jpg,U
./Todas/H/H28.jpg,H
./Todas/H/H2.jpg,H
./Todas/I/I20.jpg,I
./Todas/T/T95.jpg,T
./Todas/W/W217.jpg,W
./Todas/T/T79.jpg,T
./Todas/O/O232.jpg,O
./Todas/D/D247.jpg,D
./Todas/P/P31.jpg,P
./Todas/O/O107.jpg,O
./Todas/B/B71.jpg,B
./Todas/E/E134.jpg,E
./Todas/D/D112.jpg,D
./Todas/R/R94.jpg,R
./Todas/Q/Q211.jpg,Q
./Todas/F/F149.jpg,F
./Todas/Y/Y204.jpg,Y
./Todas/E/E177.jpg,E
./Todas/C/C145.jpg,C
./Todas/K/K35.jpg,K
./Todas/H/H26.jpg,H
./Todas/U/U85.jpg,U
./Todas/N/N150.jpg,N
./Todas/L/L193.jpg,L
./Todas/K/K202.jpg,K
./Todas/Q/Q37.jpg,Q
./Todas/E/E4.jpg,E
./Todas/F/F191.jpg,F
./Todas/H/H92.jpg,H
./Todas/P/P56.jpg,P
./Todas/E/E38.jpg,E
./Todas/U/U238.jpg,U
./Todas/F/F143.jpg,F
./Todas/C/C43.jpg,C
./Todas/W/W131.jpg,W
./Todas/F/F87.jpg,F
./Todas/H/H116.jpg,H
./Todas/Q/Q202.jpg,Q
./Todas/D/D77.jpg,D
./Todas/O/O182.jpg,O
./Todas/I/I143.jpg,I
./Todas/V/V9.jpg,V
./Todas/Q/Q220.jpg,Q
./Todas/R/R229.jpg,R
./Todas/X/X248.jpg,X
./Todas/X/X169.jpg,X
./Todas/L/L62.jpg,L
./Todas/B/B173.jpg,B
./Todas/X/X201.jpg,X
./Todas/C/C177.jpg,C
./Todas/H/H127.jpg,H
./Todas/U/U78.jpg,U
./Todas/B/B131.jpg,B
./Todas/A/A207.jpg,A
./Todas/U/U101.jpg,U
./Todas/P/P74.jpg,P
./Todas/K/K106.jpg,K
./Todas/W/W7.jpg,W
./Todas/H/H62.jpg,H
./Todas/M/M83.jpg,M
./Todas/M/M153.jpg,M
./Todas/M/M41.jpg,M
./Todas/V/V218.jpg,V
./Todas/Y/Y232.jpg,Y
./Todas/A/A110.jpg,A
./Todas/R/R252.jpg,R
./Todas/M/M14.jpg,M
./Todas/Q/Q51.jpg,Q
./Todas/N/N33.jpg,N
./Todas/U/U193.jpg,U
./Todas/L/L224.jpg,L
./Todas/L/L142.jpg,L
./Todas/M/M206.jpg,M
./Todas/T/T163.jpg,T
./Todas/K/K142.jpg,K
./Todas/I/I195.jpg,I
./Todas/E/E45.jpg,E
./Todas/X/X23.jpg,X
./Todas/K/K63.jpg,K
./Todas/D/D41.jpg,D
./Todas/V/V177.jpg,V
./Todas/O/O8.jpg,O
./Todas/F/F71.jpg,F
./Todas/F/F64.jpg,F
./Todas/K/K186.jpg,K
./Todas/C/C79.jpg,C
./Todas/B/B84.jpg,B
./Todas/N/N105.jpg,N
./Todas/N/N15.jpg,N
./Todas/Y/Y137.jpg,Y
./Todas/E/E7.jpg,E
./Todas/U/U124.jpg,U
./Todas/C/C165.jpg,C
./Todas/B/B56.jpg,B
./Todas/T/T112.jpg,T
./Todas/V/V121.jpg,V
./Todas/X/X190.jpg,X
./Todas/U/U19.jpg,U
./Todas/U/U181.jpg,U
./Todas/D/D121.jpg,D
./Todas/V/V223.jpg,V
./Todas/T/T223.jpg,T
./Todas/I/I186.jpg,I
./Todas/W/W199.jpg,W
./Todas/H/H102.jpg,H
./Todas/T/T211.jpg,T
./Todas/H/H96.jpg,H
./Todas/X/X7.jpg,X
./Todas/H/H162.jpg,H
./Todas/U/U47.jpg,U
./Todas/M/M99.jpg,M
./Todas/M/M168.jpg,M
./Todas/Y/Y227.jpg,Y
./Todas/K/K128.jpg,K
./Todas/Y/Y163.jpg,Y
./Todas/X/X68.jpg,X
./Todas/X/X150.jpg,X
./Todas/O/O86.jpg,O
./Todas/U/U128.jpg,U
./Todas/X/X114.jpg,X
./Todas/E/E18.jpg,E
./Todas/B/B159.jpg,B
./Todas/U/U22.jpg,U
./Todas/N/N115.jpg,N
./Todas/W/W208.jpg,W
./Todas/L/L79.jpg,L
./Todas/B/B98.jpg,B
./Todas/K/K5.jpg,K
./Todas/Y/Y128.jpg,Y
./Todas/P/P229.jpg,P
./Todas/N/N157.jpg,N
./Todas/E/E102.jpg,E
./Todas/A/A62.jpg,A
./Todas/R/R39.jpg,R
./Todas/R/R38.jpg,R
./Todas/P/P175.jpg,P
./Todas/I/I63.jpg,I
./Todas/L/L202.jpg,L
./Todas/C/C125.jpg,C
./Todas/D/D147.jpg,D
./Todas/P/P159.jpg,P
./Todas/M/M47.jpg,M
./Todas/C/C143.jpg,C
./Todas/X/X46.jpg,X
./Todas/Y/Y58.jpg,Y
./Todas/E/E158.jpg,E
./Todas/X/X2.jpg,X
./Todas/W/W174.jpg,W
./Todas/T/T80.jpg,T
./Todas/E/E187.jpg,E
./Todas/M/M61.jpg,M
./Todas/T/T165.jpg,T
./Todas/F/F105.jpg,F
./Todas/I/I10.jpg,I
./Todas/H/H97.jpg,H
./Todas/Y/Y104.jpg,Y
./Todas/K/K64.jpg,K
./Todas/U/U69.jpg,U
./Todas/L/L115.jpg,L
./Todas/N/N166.jpg,N
./Todas/B/B87.jpg,B
./Todas/R/R21.jpg,R
./Todas/I/I43.jpg,I
./Todas/N/N3.jpg,N
./Todas/O/O136.jpg,O
./Todas/Y/Y80.jpg,Y
./Todas/Y/Y170.jpg,Y
./Todas/U/U21.jpg,U
./Todas/X/X172.jpg,X
./Todas/M/M207.jpg,M
./Todas/W/W113.jpg,W
./Todas/R/R110.jpg,R
./Todas/K/K76.jpg,K
./Todas/Q/Q218.jpg,Q
./Todas/T/T11.jpg,T
./Todas/K/K174.jpg,K
./Todas/P/P163.jpg,P
./Todas/A/A124.jpg,A
./Todas/N/N213.jpg,N
./Todas/C/C69.jpg,C
./Todas/A/A126.jpg,A
./Todas/Q/Q136.jpg,Q
./Todas/H/H111.jpg,H
./Todas/K/K16.jpg,K
./Todas/B/B135.jpg,B
./Todas/K/K177.jpg,K
./Todas/P/P90.jpg,P
./Todas/C/C219.jpg,C
./Todas/Q/Q33.jpg,Q
./Todas/D/D142.jpg,D
./Todas/O/O172.jpg,O
./Todas/I/I139.jpg,I
./Todas/U/U218.jpg,U
./Todas/U/U37.jpg,U
./Todas/U/U32.jpg,U
./Todas/B/B240.jpg,B
./Todas/Y/Y167.jpg,Y
./Todas/X/X64.jpg,X
./Todas/P/P78.jpg,P
./Todas/N/N69.jpg,N
./Todas/K/K209.jpg,K
./Todas/B/B223.jpg,B
./Todas/D/D75.jpg,D
./Todas/C/C115.jpg,C
./Todas/B/B237.jpg,B
./Todas/R/R101.jpg,R
./Todas/E/E24.jpg,E
./Todas/X/X148.jpg,X
./Todas/F/F210.jpg,F
./Todas/P/P124.jpg,P
./Todas/R/R74.jpg,R
./Todas/A/A213.jpg,A
./Todas/B/B1.jpg,B
./Todas/R/R48.jpg,R
./Todas/V/V240.jpg,V
./Todas/I/I136.jpg,I
./Todas/A/A202.jpg,A
./Todas/X/X89.jpg,X
./Todas/T/T169.jpg,T
./Todas/V/V119.jpg,V
./Todas/I/I168.jpg,I
./Todas/P/P246.jpg,P
./Todas/C/C256.jpg,C
./Todas/C/C51.jpg,C
./Todas/D/D241.jpg,D
./Todas/X/X222.jpg,X
./Todas/C/C174.jpg,C
./Todas/O/O3.jpg,O
./Todas/C/C77.jpg,C
./Todas/K/K108.jpg,K
./Todas/F/F85.jpg,F
./Todas/W/W215.jpg,W
./Todas/L/L189.jpg,L
./Todas/T/T3.jpg,T
./Todas/R/R268.jpg,R
./Todas/X/X144.jpg,X
./Todas/M/M227.jpg,M
./Todas/M/M19.jpg,M
./Todas/A/A226.jpg,A
./Todas/V/V62.jpg,V
./Todas/P/P179.jpg,P
./Todas/Q/Q70.jpg,Q
./Todas/O/O186.jpg,O
./Todas/A/A113.jpg,A
./Todas/M/M173.jpg,M
./Todas/F/F103.jpg,F
./Todas/P/P10.jpg,P
./Todas/T/T245.jpg,T
./Todas/C/C149.jpg,C
./Todas/R/R211.jpg,R
./Todas/T/T231.jpg,T
./Todas/M/M158.jpg,M
./Todas/W/W47.jpg,W
./Todas/B/B197.jpg,B
./Todas/F/F9.jpg,F
./Todas/F/F15.jpg,F
./Todas/K/K168.jpg,K
./Todas/I/I248.jpg,I
./Todas/B/B85.jpg,B
./Todas/Q/Q153.jpg,Q
./Todas/D/D12.jpg,D
./Todas/L/L167.jpg,L
./Todas/Y/Y233.jpg,Y
./Todas/F/F135.jpg,F
./Todas/T/T157.jpg,T
./Todas/L/L47.jpg,L
./Todas/R/R263.jpg,R
./Todas/F/F156.jpg,F
./Todas/A/A245.jpg,A
./Todas/F/F121.jpg,F
./Todas/T/T129.jpg,T
./Todas/X/X39.jpg,X
./Todas/K/K171.jpg,K
./Todas/Q/Q208.jpg,Q
./Todas/P/P142.jpg,P
./Todas/N/N191.jpg,N
./Todas/Q/Q4.jpg,Q
./Todas/A/A156.jpg,A
./Todas/M/M178.jpg,M
./Todas/C/C206.jpg,C
./Todas/E/E144.jpg,E
./Todas/H/H152.jpg,H
./Todas/F/F56.jpg,F
./Todas/H/H119.jpg,H
./Todas/K/K251.jpg,K
./Todas/V/V195.jpg,V
./Todas/D/D91.jpg,D
./Todas/N/N149.jpg,N
./Todas/T/T75.jpg,T
./Todas/E/E122.jpg,E
./Todas/B/B6.jpg,B
./Todas/M/M50.jpg,M
./Todas/R/R150.jpg,R
./Todas/M/M174.jpg,M
./Todas/U/U114.jpg,U
./Todas/E/E104.jpg,E
./Todas/D/D174.jpg,D
./Todas/I/I123.jpg,I
./Todas/D/D192.jpg,D
./Todas/N/N10.jpg,N
./Todas/F/F97.jpg,F
./Todas/D/D113.jpg,D
./Todas/Y/Y216.jpg,Y
./Todas/L/L218.jpg,L
./Todas/P/P118.jpg,P
./Todas/E/E116.jpg,E
./Todas/L/L147.jpg,L
./Todas/E/E115.jpg,E
./Todas/I/I104.jpg,I
./Todas/U/U160.jpg,U
./Todas/V/V243.jpg,V
./Todas/X/X112.jpg,X
./Todas/E/E52.jpg,E
./Todas/W/W8.jpg,W
./Todas/H/H22.jpg,H
./Todas/B/B3.jpg,B
./Todas/Q/Q124.jpg,Q
./Todas/C/C16.jpg,C
./Todas/O/O175.jpg,O
./Todas/P/P135.jpg,P
./Todas/P/P69.jpg,P
./Todas/A/A247.jpg,A
./Todas/E/E137.jpg,E
./Todas/B/B166.jpg,B
./Todas/D/D209.jpg,D
./Todas/H/H19.jpg,H
./Todas/O/O248.jpg,O
./Todas/C/C80.jpg,C
./Todas/M/M93.jpg,M
./Todas/T/T41.jpg,T
./Todas/P/P224.jpg,P
./Todas/K/K191.jpg,K
./Todas/U/U152.jpg,U
./Todas/B/B23.jpg,B
./Todas/B/B218.jpg,B
./Todas/A/A39.jpg,A
./Todas/A/A193.jpg,A
./Todas/N/N22.jpg,N
./Todas/F/F219.jpg,F
./Todas/P/P35.jpg,P
./Todas/W/W255.jpg,W
./Todas/T/T237.jpg,T
./Todas/P/P172.jpg,P
./Todas/V/V185.jpg,V
./Todas/R/R245.jpg,R
./Todas/Q/Q131.jpg,Q
./Todas/H/H18.jpg,H
./Todas/E/E51.jpg,E
./Todas/H/H105.jpg,H
./Todas/A/A231.jpg,A
./Todas/O/O191.jpg,O
./Todas/D/D76.jpg,D
./Todas/P/P102.jpg,P
./Todas/L/L33.jpg,L
./Todas/V/V176.jpg,V
./Todas/Q/Q147.jpg,Q
./Todas/T/T227.jpg,T
./Todas/D/D173.jpg,D
./Todas/E/E39.jpg,E
./Todas/N/N45.jpg,N
./Todas/W/W136.jpg,W
./Todas/C/C243.jpg,C
./Todas/M/M62.jpg,M
./Todas/Q/Q14.jpg,Q
./Todas/Q/Q144.jpg,Q
./Todas/A/A74.jpg,A
./Todas/D/D243.jpg,D
./Todas/C/C181.jpg,C
./Todas/V/V126.jpg,V
./Todas/K/K115.jpg,K
./Todas/Q/Q149.jpg,Q
./Todas/F/F187.jpg,F
./Todas/I/I237.jpg,I
./Todas/P/P143.jpg,P
./Todas/K/K95.jpg,K
./Todas/L/L95.jpg,L
./Todas/R/R25.jpg,R
./Todas/O/O252.jpg,O
./Todas/A/A131.jpg,A
./Todas/A/A68.jpg,A
./Todas/D/D191.jpg,D
./Todas/R/R70.jpg,R
./Todas/O/O168.jpg,O
./Todas/W/W233.jpg,W
./Todas/R/R177.jpg,R
./Todas/P/P188.jpg,P
./Todas/F/F27.jpg,F
./Todas/W/W43.jpg,W
./Todas/V/V112.jpg,V
./Todas/F/F60.jpg,F
./Todas/R/R167.jpg,R
./Todas/P/P24.jpg,P
./Todas/B/B27.jpg,B
./Todas/P/P231.jpg,P
./Todas/R/R22.jpg,R
./Todas/K/K213.jpg,K
./Todas/O/O88.jpg,O
./Todas/P/P30.jpg,P
./Todas/F/F94.jpg,F
./Todas/L/L231.jpg,L
./Todas/C/C62.jpg,C
./Todas/N/N246.jpg,N
./Todas/C/C109.jpg,C
./Todas/V/V143.jpg,V
./Todas/N/N208.jpg,N
./Todas/N/N185.jpg,N
./Todas/L/L238.jpg,L
./Todas/Y/Y103.jpg,Y
./Todas/U/U94.jpg,U
./Todas/M/M169.jpg,M
./Todas/M/M31.jpg,M
./Todas/C/C272.jpg,C
./Todas/P/P216.jpg,P
./Todas/T/T201.jpg,T
./Todas/N/N165.jpg,N
./Todas/X/X48.jpg,X
./Todas/B/B198.jpg,B
./Todas/A/A223.jpg,A
./Todas/O/O127.jpg,O
./Todas/Y/Y61.jpg,Y
./Todas/R/R73.jpg,R
./Todas/M/M117.jpg,M
./Todas/Q/Q177.jpg,Q
./Todas/A/A127.jpg,A
./Todas/K/K14.jpg,K
./Todas/L/L40.jpg,L
./Todas/W/W149.jpg,W
./Todas/C/C261.jpg,C
./Todas/A/A211.jpg,A
./Todas/N/N38.jpg,N
./Todas/I/I48.jpg,I
./Todas/K/K28.jpg,K
./Todas/Y/Y99.jpg,Y
./Todas/X/X57.jpg,X
./Todas/R/R129.jpg,R
./Todas/U/U104.jpg,U
./Todas/C/C94.jpg,C
./Todas/N/N234.jpg,N
./Todas/B/B244.jpg,B
./Todas/X/X54.jpg,X
./Todas/B/B208.jpg,B
./Todas/W/W29.jpg,W
./Todas/C/C107.jpg,C
./Todas/R/R163.jpg,R
./Todas/F/F158.jpg,F
./Todas/N/N74.jpg,N
./Todas/V/V21.jpg,V
./Todas/I/I45.jpg,I
./Todas/A/A194.jpg,A
./Todas/A/A152.jpg,A
./Todas/N/N28.jpg,N
./Todas/T/T58.jpg,T
./Todas/Y/Y241.jpg,Y
./Todas/F/F65.jpg,F
./Todas/F/F193.jpg,F
./Todas/F/F129.jpg,F
./Todas/E/E12.jpg,E
./Todas/L/L197.jpg,L
./Todas/A/A108.jpg,A
./Todas/K/K8.jpg,K
./Todas/K/K96.jpg,K
./Todas/V/V113.jpg,V
./Todas/P/P241.jpg,P
./Todas/Q/Q36.jpg,Q
./Todas/A/A85.jpg,A
./Todas/M/M33.jpg,M
./Todas/T/T5.jpg,T
./Todas/I/I126.jpg,I
./Todas/V/V123.jpg,V
./Todas/B/B64.jpg,B
./Todas/T/T238.jpg,T
./Todas/Y/Y234.jpg,Y
./Todas/O/O102.jpg,O
./Todas/A/A48.jpg,A
./Todas/A/A76.jpg,A
./Todas/Q/Q156.jpg,Q
./Todas/K/K139.jpg,K
./Todas/I/I207.jpg,I
./Todas/W/W11.jpg,W
./Todas/R/R78.jpg,R
./Todas/K/K21.jpg,K
./Todas/X/X235.jpg,X
./Todas/U/U127.jpg,U
./Todas/K/K78.jpg,K
./Todas/Q/Q46.jpg,Q
./Todas/K/K40.jpg,K
./Todas/I/I177.jpg,I
./Todas/Q/Q201.jpg,Q
./Todas/A/A159.jpg,A
./Todas/T/T19.jpg,T
./Todas/V/V105.jpg,V
./Todas/R/R197.jpg,R
./Todas/C/C127.jpg,C
./Todas/T/T91.jpg,T
./Todas/U/U182.jpg,U
./Todas/L/L10.jpg,L
./Todas/L/L28.jpg,L
./Todas/Y/Y10.jpg,Y
./Todas/T/T17.jpg,T
./Todas/B/B172.jpg,B
./Todas/E/E20.jpg,E
./Todas/V/V103.jpg,V
./Todas/U/U158.jpg,U
./Todas/N/N21.jpg,N
./Todas/L/L136.jpg,L
./Todas/H/H4.jpg,H
./Todas/E/E98.jpg,E
./Todas/F/F111.jpg,F
./Todas/F/F181.jpg,F
./Todas/F/F14.jpg,F
./Todas/E/E90.jpg,E
./Todas/R/R16.jpg,R
./Todas/P/P26.jpg,P
./Todas/L/L145.jpg,L
./Todas/N/N201.jpg,N
./Todas/D/D155.jpg,D
./Todas/M/M177.jpg,M
./Todas/O/O150.jpg,O
./Todas/F/F119.jpg,F
./Todas/O/O148.jpg,O
./Todas/C/C255.jpg,C
./Todas/Y/Y92.jpg,Y
./Todas/B/B187.jpg,B
./Todas/D/D93.jpg,D
./Todas/F/F146.jpg,F
./Todas/M/M214.jpg,M
./Todas/O/O90.jpg,O
./Todas/W/W3.jpg,W
./Todas/W/W51.jpg,W
./Todas/C/C147.jpg,C
./Todas/K/K24.jpg,K
./Todas/H/H147.jpg,H
./Todas/A/A238.jpg,A
./Todas/U/U216.jpg,U
./Todas/C/C25.jpg,C
./Todas/X/X87.jpg,X
./Todas/Y/Y140.jpg,Y
./Todas/N/N14.jpg,N
./Todas/B/B4.jpg,B
./Todas/Y/Y195.jpg,Y
./Todas/E/E26.jpg,E
./Todas/K/K107.jpg,K
./Todas/Q/Q134.jpg,Q
./Todas/T/T203.jpg,T
./Todas/D/D229.jpg,D
./Todas/N/N13.jpg,N
./Todas/O/O30.jpg,O
./Todas/C/C123.jpg,C
./Todas/D/D115.jpg,D
./Todas/U/U31.jpg,U
./Todas/H/H49.jpg,H
./Todas/X/X204.jpg,X
./Todas/X/X232.jpg,X
./Todas/C/C29.jpg,C
./Todas/X/X111.jpg,X
./Todas/F/F188.jpg,F
./Todas/Q/Q15.jpg,Q
./Todas/M/M233.jpg,M
./Todas/L/L159.jpg,L
./Todas/X/X105.jpg,X
./Todas/X/X156.jpg,X
./Todas/T/T64.jpg,T
./Todas/Y/Y38.jpg,Y
./Todas/Y/Y179.jpg,Y
./Todas/F/F225.jpg,F
./Todas/M/M69.jpg,M
./Todas/B/B5.jpg,B
./Todas/F/F117.jpg,F
./Todas/T/T195.jpg,T
./Todas/A/A119.jpg,A
./Todas/V/V13.jpg,V
./Todas/T/T142.jpg,T
./Todas/P/P218.jpg,P
./Todas/K/K184.jpg,K
./Todas/D/D62.jpg,D
./Todas/L/L149.jpg,L
./Todas/T/T128.jpg,T
./Todas/Y/Y156.jpg,Y
./Todas/M/M221.jpg,M
./Todas/K/K124.jpg,K
./Todas/K/K147.jpg,K
./Todas/Q/Q22.jpg,Q
./Todas/D/D55.jpg,D
./Todas/K/K6.jpg,K
./Todas/E/E124.jpg,E
./Todas/P/P111.jpg,P
./Todas/Q/Q52.jpg,Q
./Todas/T/T32.jpg,T
./Todas/H/H83.jpg,H
./Todas/P/P11.jpg,P
./Todas/R/R81.jpg,R
./Todas/R/R92.jpg,R
./Todas/E/E132.jpg,E
./Todas/O/O12.jpg,O
./Todas/N/N48.jpg,N
./Todas/O/O113.jpg,O
./Todas/H/H89.jpg,H
./Todas/D/D237.jpg,D
./Todas/U/U204.jpg,U
./Todas/L/L12.jpg,L
./Todas/T/T241.jpg,T
./Todas/F/F28.jpg,F
./Todas/U/U202.jpg,U
./Todas/W/W153.jpg,W
./Todas/I/I175.jpg,I
./Todas/Y/Y29.jpg,Y
./Todas/D/D133.jpg,D
./Todas/L/L205.jpg,L
./Todas/F/F7.jpg,F
./Todas/X/X44.jpg,X
./Todas/A/A116.jpg,A
./Todas/X/X6.jpg,X
./Todas/V/V209.jpg,V
./Todas/A/A181.jpg,A
./Todas/N/N118.jpg,N
./Todas/O/O27.jpg,O
./Todas/P/P232.jpg,P
./Todas/N/N131.jpg,N
./Todas/C/C267.jpg,C
./Todas/Y/Y56.jpg,Y
./Todas/M/M86.jpg,M
./Todas/M/M34.jpg,M
./Todas/E/E152.jpg,E
./Todas/T/T99.jpg,T
./Todas/I/I221.jpg,I
./Todas/I/I152.jpg,I
./Todas/R/R3.jpg,R
./Todas/T/T83.jpg,T
./Todas/X/X94.jpg,X
./Todas/Y/Y136.jpg,Y
./Todas/A/A186.jpg,A
./Todas/Q/Q197.jpg,Q
./Todas/I/I219.jpg,I
./Todas/I/I202.jpg,I
./Todas/Q/Q58.jpg,Q
./Todas/Q/Q72.jpg,Q
./Todas/C/C160.jpg,C
./Todas/Y/Y3.jpg,Y
./Todas/O/O51.jpg,O
./Todas/X/X139.jpg,X
./Todas/Y/Y184.jpg,Y
./Todas/N/N176.jpg,N
./Todas/F/F160.jpg,F
./Todas/V/V12.jpg,V
./Todas/L/L19.jpg,L
./Todas/T/T77.jpg,T
./Todas/M/M63.jpg,M
./Todas/I/I244.jpg,I
./Todas/D/D78.jpg,D
./Todas/B/B129.jpg,B
./Todas/D/D111.jpg,D
./Todas/V/V64.jpg,V
./Todas/O/O16.jpg,O
./Todas/L/L88.jpg,L
./Todas/X/X31.jpg,X
./Todas/O/O123.jpg,O
./Todas/W/W65.jpg,W
./Todas/C/C110.jpg,C
./Todas/K/K145.jpg,K
./Todas/F/F169.jpg,F
./Todas/I/I255.jpg,I
./Todas/T/T10.jpg,T
./Todas/W/W97.jpg,W
./Todas/M/M67.jpg,M
./Todas/E/E166.jpg,E
./Todas/Y/Y173.jpg,Y
./Todas/H/H5.jpg,H
./Todas/K/K241.jpg,K
./Todas/W/W237.jpg,W
./Todas/W/W163.jpg,W
./Todas/B/B222.jpg,B
./Todas/N/N160.jpg,N
./Todas/H/H130.jpg,H
./Todas/A/A79.jpg,A
./Todas/D/D197.jpg,D
./Todas/R/R99.jpg,R
./Todas/W/W219.jpg,W
./Todas/M/M98.jpg,M
./Todas/P/P79.jpg,P
./Todas/Q/Q102.jpg,Q
./Todas/M/M182.jpg,M
./Todas/U/U136.jpg,U
./Todas/T/T13.jpg,T
./Todas/M/M249.jpg,M
./Todas/W/W135.jpg,W
./Todas/L/L93.jpg,L
./Todas/N/N233.jpg,N
./Todas/D/D199.jpg,D
./Todas/O/O33.jpg,O
./Todas/O/O164.jpg,O
./Todas/X/X252.jpg,X
./Todas/R/R46.jpg,R
./Todas/Q/Q249.jpg,Q
./Todas/V/V127.jpg,V
./Todas/E/E72.jpg,E
./Todas/B/B170.jpg,B
./Todas/H/H145.jpg,H
./Todas/K/K165.jpg,K
./Todas/A/A224.jpg,A
./Todas/L/L237.jpg,L
./Todas/U/U225.jpg,U
./Todas/I/I216.jpg,I
./Todas/B/B79.jpg,B
./Todas/Y/Y41.jpg,Y
./Todas/F/F78.jpg,F
./Todas/M/M246.jpg,M
./Todas/H/H85.jpg,H
./Todas/N/N47.jpg,N
./Todas/Q/Q17.jpg,Q
./Todas/R/R272.jpg,R
./Todas/L/L109.jpg,L
./Todas/A/A86.jpg,A
./Todas/M/M211.jpg,M
./Todas/K/K239.jpg,K
./Todas/B/B194.jpg,B
./Todas/Y/Y211.jpg,Y
./Todas/W/W104.jpg,W
./Todas/Q/Q192.jpg,Q
./Todas/Y/Y26.jpg,Y
./Todas/U/U74.jpg,U
./Todas/X/X91.jpg,X
./Todas/Q/Q12.jpg,Q
./Todas/H/H120.jpg,H
./Todas/X/X143.jpg,X
